timestamp_ns,gyro_x_rad_s,gyro_y_rad_s,gyro_z_rad_s,linacc_x_m_s2,linacc_y_m_s2,linacc_z_m_s2
1809006133000,0.01171875,-0.013671875,-0.01953125,-0.12890625,-0.15625,0.03125
1809008399000,0.01171875,-0.017578125,-0.021484375,-0.08984375,-0.15625,0.04296875
1809011007000,0.015625,-0.021484375,-0.00390625,-0.08984375,-0.15625,0.04296875
1809013686000,0.009765625,-0.01953125,-0.00390625,-0.08984375,-0.15625,0.04296875
1809016321000,0.01953125,-0.01171875,-0.005859375,-0.0703125,-0.15625,0.03125
1809018575000,0.0234375,-0.015625,0.005859375,-0.078125,-0.16796875,0.03125
1809021303000,0.02734375,-0.005859375,0.005859375,-0.05859375,-0.1484375,0.03125
1809023584000,0.01953125,0.0,0.0078125,-0.05859375,-0.1484375,0.03125
1809026103000,0.029296875,-0.01171875,0.021484375,-0.0703125,-0.1484375,-0.04296875
1809028688000,0.0234375,0.0078125,-0.0078125,-0.0703125,-0.1484375,-0.04296875
1809031080000,0.013671875,0.00390625,0.029296875,-0.05078125,-0.13671875,-0.0234375
1809034082000,0.0234375,0.0078125,0.025390625,-0.05078125,-0.13671875,-0.0234375
1809193723000,0.0078125,-0.017578125,0.01171875,0.03125,0.0390625,0.0
1809195554000,-0.0078125,-0.013671875,0.013671875,0.0234375,0.01953125,0.015625
1809198238000,-0.009765625,-0.013671875,0.0078125,0.0234375,0.046875,0.03515625
1809200818000,-0.015625,-0.025390625,0.00390625,0.04296875,-0.0078125,0.02734375
1809203113000,-0.005859375,-0.017578125,-0.0078125,0.00390625,-0.02734375,0.02734375
1809205765000,-0.015625,-0.017578125,-0.01171875,0.00390625,-0.02734375,0.02734375
1809208206000,-0.013671875,-0.0078125,-0.005859375,-0.00390625,-0.0859375,0.0
1809213217000,-0.00390625,0.0,-0.013671875,-0.00390625,-0.0859375,0.0
1809216059000,-0.001953125,0.005859375,-0.009765625,0.0234375,-0.078125,0.0
1809218210000,-0.009765625,0.0078125,-0.015625,-0.00390625,-0.05859375,0.0390625
1809288029000,-0.0234375,0.015625,-0.025390625,0.08984375,0.03515625,0.02734375
1809290345000,-0.009765625,0.01171875,-0.005859375,0.08203125,0.02734375,0.03515625
1809293112000,-0.005859375,0.01953125,-0.021484375,0.08203125,0.02734375,0.03515625
1809295414000,-0.017578125,0.029296875,-0.01953125,0.03125,-0.01171875,0.02734375
1809298256000,-0.009765625,0.021484375,-0.0234375,0.05078125,0.0078125,0.02734375
1809300710000,-0.017578125,0.0234375,-0.021484375,0.0234375,0.0078125,0.015625
1809302935000,-0.017578125,0.015625,-0.021484375,0.015625,-0.03125,0.0
1809305502000,-0.005859375,0.021484375,-0.0234375,0.015625,-0.03125,0.0
1809307817000,-0.0078125,0.01171875,-0.009765625,0.015625,-0.078125,-0.0390625
1809310462000,-0.00390625,0.013671875,-0.033203125,0.015625,-0.078125,-0.0390625
1809380249000,0.005859375,0.02734375,-0.005859375,-0.0546875,-0.09765625,-0.05078125
1809382702000,-0.0078125,0.017578125,-0.013671875,-0.04296875,-0.09765625,-0.01953125
1809385359000,0.001953125,0.021484375,-0.001953125,-0.0703125,-0.09765625,0.0
1809387563000,0.01171875,0.013671875,-0.005859375,-0.0703125,-0.09765625,0.0
1809390316000,-0.00390625,0.013671875,0.00390625,-0.0703125,-0.109375,-0.05859375
1809392735000,-0.01171875,0.0078125,-0.001953125,-0.0703125,-0.109375,-0.0703125
1809395469000,0.00390625,0.01171875,-0.001953125,-0.0703125,-0.109375,-0.0703125
1809397798000,-0.00390625,-0.005859375,-0.009765625,-0.08203125,-0.08984375,-0.14453125
1809400410000,0.005859375,-0.01171875,0.001953125,-0.0703125,-0.109375,-0.125
1809402762000,0.017578125,-0.009765625,0.0078125,-0.04296875,-0.109375,-0.15625
1809405190000,0.001953125,-0.017578125,0.01171875,-0.04296875,-0.109375,-0.15625
1809407687000,-0.001953125,-0.021484375,0.0078125,-0.0234375,-0.09765625,-0.1171875
1809410223000,0.0078125,-0.021484375,0.001953125,-0.0234375,-0.09765625,-0.1171875
1809412808000,0.001953125,-0.0234375,0.00390625,-0.015625,-0.09765625,-0.09765625
1809415091000,0.015625,-0.025390625,0.01171875,-0.00390625,-0.09765625,-0.09765625
1809417643000,-0.001953125,-0.0234375,0.017578125,0.00390625,-0.078125,-0.1171875
1809490027000,-0.046875,-0.0625,0.01171875,-0.2265625,-0.1484375,-0.140625
1809492425000,-0.06640625,-0.060546875,0.017578125,-0.28125,-0.16015625,-0.1484375
1809494943000,-0.072265625,-0.080078125,0.01171875,-0.28125,-0.16796875,-0.1484375
1809497891000,-0.080078125,-0.09375,0.052734375,-0.3203125,-0.16796875,-0.1484375
1809499958000,-0.08203125,-0.099609375,0.048828125,-0.3515625,-0.1484375,-0.17578125
1809502528000,-0.1015625,-0.109375,0.033203125,-0.38671875,-0.12890625,-0.20703125
1809504877000,-0.1171875,-0.134765625,0.060546875,-0.38671875,-0.12890625,-0.20703125
1809507497000,-0.111328125,-0.15234375,0.05078125,-0.50390625,-0.13671875,-0.1953125
1809510025000,-0.1171875,-0.169921875,0.064453125,-0.50390625,-0.13671875,-0.1953125
1809512340000,-0.115234375,-0.208984375,0.078125,-0.50390625,-0.15625,-0.125
1809594637000,0.89453125,-0.53125,0.673828125,0.234375,-0.94921875,1.734375
1809597285000,0.90234375,-0.484375,0.701171875,0.59765625,-0.61328125,2.05078125
1809599882000,0.9140625,-0.443359375,0.69140625,0.59765625,-0.62890625,2.04296875
1809602305000,0.921875,-0.404296875,0.677734375,0.73046875,-0.40234375,2.10546875
1809604898000,0.92578125,-0.333984375,0.67578125,0.73046875,-0.41796875,2.09765625
1809607189000,0.939453125,-0.271484375,0.669921875,0.8671875,-0.29296875,2.08984375
1809609783000,0.962890625,-0.18359375,0.63671875,0.8671875,-0.30859375,2.08984375
1809612344000,0.974609375,-0.115234375,0.619140625,0.98828125,-0.07421875,2.08203125
1809614661000,1.001953125,-0.044921875,0.580078125,1.19140625,0.13671875,2.1796875
1809617484000,1.025390625,0.021484375,0.556640625,1.36328125,0.12109375,2.12109375
1809674637000,1.3203125,1.7265625,-0.390625,2.41796875,0.58203125,-1.63671875
1809677220000,1.2734375,1.7265625,-0.46484375,1.8515625,0.76953125,-2.3515625
1809679605000,1.208984375,1.705078125,-0.580078125,1.421875,0.984375,-3.1640625
1809682058000,1.13671875,1.681640625,-0.640625,1.4140625,1.0,-3.125
1809684686000,1.060546875,1.650390625,-0.72265625,0.92578125,1.24609375,-4.29296875
1809687063000,0.953125,1.615234375,-0.798828125,0.91796875,1.26953125,-4.24609375
1809689654000,0.830078125,1.5859375,-0.857421875,0.84375,1.4375,-4.66796875
1809691920000,0.673828125,1.537109375,-0.892578125,0.84375,1.4609375,-4.62890625
1809694510000,0.5,1.48828125,-0.94140625,0.69140625,1.58984375,-4.93359375
1809697198000,0.302734375,1.443359375,-0.986328125,0.67578125,1.61328125,-4.90234375
1809759406000,-2.140625,0.115234375,-1.19140625,-1.9609375,0.30859375,-3.7421875
1809761791000,-2.115234375,-0.05078125,-1.12890625,-2.046875,0.015625,-3.640625
1809766323000,-2.091796875,-0.2265625,-1.033203125,-2.21875,-0.33203125,-3.3984375
1809777923000,-1.890625,-1.056640625,-0.533203125,-2.625,-1.31640625,-2.15234375
1809784475000,-1.75390625,-1.4609375,-0.21484375,-2.55078125,-2.015625,-1.265625
1809789422000,-1.623046875,-1.6953125,0.005859375,-2.54296875,-2.03125,-1.3359375
1809792295000,-1.56640625,-1.802734375,0.146484375,-2.5078125,-2.38671875,-0.9140625
1809794335000,-1.466796875,-1.919921875,0.271484375,-2.38671875,-2.70703125,-0.359375
1809796682000,-1.3671875,-2.013671875,0.416015625,-2.1953125,-2.87890625,0.25390625
1809799283000,-1.26171875,-2.1015625,0.53125,-2.0078125,-2.94921875,0.87890625
1809929442000,3.64453125,0.18359375,-1.001953125,3.29296875,0.8828125,-0.2890625
1809931498000,3.62109375,0.189453125,-1.10546875,3.0625,1.01171875,-0.8828125
1809933910000,3.580078125,0.189453125,-1.236328125,2.87890625,1.08984375,-1.27734375
1809936730000,3.4921875,0.212890625,-1.36328125,2.78515625,1.1015625,-1.80859375
1809941609000,3.244140625,0.296875,-1.6171875,2.78515625,1.171875,-1.80078125
1809943938000,3.0703125,0.380859375,-1.74609375,2.6796875,1.20703125,-2.25
1809946493000,2.884765625,0.47265625,-1.86328125,2.671875,1.32421875,-2.6953125
1809949384000,2.66015625,0.599609375,-1.974609375,2.671875,1.38671875,-2.6796875
1809951647000,2.42578125,0.755859375,-2.107421875,2.5078125,1.38671875,-3.140625
1809953891000,2.15625,0.98046875,-2.236328125,2.26953125,1.421875,-3.76953125
1809956786000,1.8984375,1.220703125,-2.37109375,1.9453125,1.4921875,-4.54296875
1809958882000,1.638671875,1.47265625,-2.513671875,1.42578125,1.51953125,-5.33203125
1809961399000,1.345703125,1.740234375,-2.677734375,1.41015625,1.58203125,-5.29296875
1809963969000,1.06640625,1.99609375,-2.8203125,1.41015625,1.65234375,-5.24609375
1809966371000,0.78125,2.267578125,-2.966796875,1.078125,1.6015625,-5.9375
1809968984000,0.48046875,2.5234375,-3.1171875,0.8671875,1.58203125,-6.4296875
1810023226000,-3.849609375,1.96875,-2.724609375,-2.98046875,-0.625,-6.3046875
1810026427000,-3.826171875,1.255859375,-2.3515625,-3.1875,-0.97265625,-5.91015625
1810028611000,-3.779296875,0.896484375,-2.138671875,-3.35546875,-1.3125,-5.421875
1810031284000,-3.7578125,0.54296875,-1.943359375,-3.37109375,-1.2890625,-5.3828125
1810033576000,-3.73828125,0.193359375,-1.73046875,-3.37890625,-1.28125,-5.3515625
1810036276000,-3.705078125,-0.1171875,-1.521484375,-3.484375,-1.66796875,-4.8203125
1810038848000,-3.6796875,-0.44140625,-1.310546875,-3.51171875,-1.9375,-4.1328125
1810041258000,-3.666015625,-0.7265625,-1.08203125,-3.56640625,-2.1796875,-3.3984375
1810046401000,-3.611328125,-1.224609375,-0.6328125,-3.5234375,-2.5703125,-2.66796875
1810053697000,-3.431640625,-1.81640625,0.033203125,-3.19140625,-3.4296875,-1.18359375
1810103601000,-0.296875,-2.99609375,3.6640625,-0.06640625,-3.19921875,5.93359375
1810109093000,0.060546875,-2.849609375,3.697265625,0.26953125,-2.9375,6.1484375
1810120625000,0.697265625,-2.587890625,3.5859375,1.40625,-1.98046875,6.26171875
1810123470000,1.0078125,-2.42578125,3.423828125,1.4296875,-2.14453125,6.14453125
1810126121000,1.146484375,-2.34765625,3.33203125,1.7265625,-1.76171875,6.12109375
1810128689000,1.298828125,-2.27734375,3.21875,1.98046875,-1.44921875,6.13671875
1810131089000,1.4296875,-2.193359375,3.09375,1.98046875,-1.51953125,6.08203125
1810133541000,1.556640625,-2.12109375,2.955078125,2.19921875,-1.1484375,6.140625
1810136313000,1.673828125,-2.017578125,2.814453125,2.44921875,-0.84375,6.14453125
1810138504000,1.78125,-1.91796875,2.65234375,2.83984375,-0.5546875,6.171875
1810200903000,2.607421875,2.1328125,-1.4140625,4.30078125,0.3984375,-0.609375
1810203262000,2.47265625,2.32421875,-1.560546875,4.05078125,0.42578125,-1.359375
1810205832000,2.328125,2.525390625,-1.693359375,4.04296875,0.51953125,-1.2421875
1810208713000,2.13671875,2.736328125,-1.826171875,3.7578125,0.453125,-2.0625
1810210909000,1.935546875,2.947265625,-1.970703125,3.4453125,0.375,-2.9375
1810213347000,1.7109375,3.173828125,-2.099609375,3.4375,0.4296875,-2.859375
1810215889000,1.46484375,3.4296875,-2.255859375,3.1875,0.3203125,-3.75390625
1810218422000,1.18359375,3.69140625,-2.423828125,2.67578125,0.35546875,-4.89453125
1810220897000,0.8828125,3.943359375,-2.5859375,2.66796875,0.42578125,-4.80859375
1810223533000,0.55078125,4.1875,-2.724609375,2.22265625,0.74609375,-5.734375
1810285672000,-4.41796875,0.916015625,-2.05078125,-2.58203125,2.30078125,-5.95703125
1810288208000,-4.40234375,0.65234375,-1.830078125,-2.30859375,1.91015625,-5.41796875
1810290913000,-4.373046875,0.408203125,-1.609375,-2.31640625,1.90234375,-5.38671875
1810293260000,-4.34375,0.173828125,-1.380859375,-2.05859375,1.359375,-4.86328125
1810295614000,-4.298828125,-0.033203125,-1.14453125,-1.85546875,0.921875,-4.3984375
1810298245000,-4.232421875,-0.20703125,-0.927734375,-1.85546875,0.90625,-4.390625
1810303195000,-4.021484375,-0.53125,-0.49609375,-1.7421875,0.41015625,-3.64453125
1810310584000,-3.546875,-0.953125,0.1171875,-1.71484375,-0.12109375,-2.59765625
1810318040000,-3.005859375,-1.380859375,0.72265625,-1.87890625,-0.46484375,-1.16015625
1810322963000,-2.5859375,-1.666015625,1.14453125,-1.02734375,-1.296875,1.07421875
1810365620000,0.92578125,-4.92578125,3.310546875,-0.7421875,-1.34375,1.12890625
1810372956000,0.9296875,-5.146484375,3.365234375,-0.20703125,-1.4140625,1.6953125
1810380492000,0.869140625,-5.193359375,3.29296875,0.54296875,-1.69921875,2.234375
1810383110000,0.849609375,-5.18359375,3.248046875,0.671875,-1.73828125,2.40625
1810385504000,0.8125,-5.166015625,3.212890625,0.6875,-1.81640625,2.28125
1810387954000,0.77734375,-5.111328125,3.130859375,0.90234375,-1.6953125,2.5859375
1810393046000,0.712890625,-4.94921875,2.9765625,0.93359375,-1.8359375,2.34375
1810395876000,0.69921875,-4.853515625,2.91015625,1.6015625,-1.6015625,2.9140625
1810400508000,0.6328125,-4.607421875,2.736328125,1.8671875,-1.61328125,2.984375
1810407945000,0.541015625,-3.982421875,2.32421875,2.13671875,-1.78125,2.95703125
1810467687000,-2.416015625,3.712890625,-2.349609375,3.68359375,-0.5078125,0.0
1810470274000,-2.54296875,4.009765625,-2.607421875,3.69140625,-0.4453125,0.0859375
1810472810000,-2.66015625,4.310546875,-2.869140625,4.3046875,-0.8125,0.12109375
1810475202000,-2.798828125,4.599609375,-3.109375,4.5078125,-1.1328125,0.63671875
1810477778000,-2.94140625,4.861328125,-3.353515625,4.5078125,-1.0625,0.73828125
1810482881000,-3.228515625,5.2421875,-3.77734375,4.36328125,-1.6171875,1.69140625
1810490238000,-3.455078125,5.06640625,-4.171875,3.10546875,-2.44140625,1.77734375
1810497758000,-3.181640625,4.86328125,-4.380859375,1.265625,-3.4296875,1.84375
1810502284000,-2.939453125,4.75390625,-4.400390625,0.40625,-3.7265625,2.17578125
1810547704000,2.482421875,2.689453125,-1.4375,-2.3203125,-3.1328125,1.453125
1810552678000,3.2890625,2.392578125,-0.865234375,-2.3671875,-3.0234375,1.5546875
1810555403000,3.69140625,2.2265625,-0.57421875,-2.3046875,-2.90234375,1.2265625
1810559949000,4.51171875,1.880859375,-0.005859375,-2.3359375,-2.81640625,1.2734375
1810562888000,4.927734375,1.69140625,0.28125,-2.2734375,-2.64453125,1.1796875
1810564911000,5.349609375,1.51171875,0.59765625,-2.17578125,-2.39453125,0.73828125
1810567437000,5.794921875,1.349609375,0.857421875,-2.19140625,-2.35546875,0.75390625
1810570124000,6.26953125,1.185546875,1.1484375,-2.08203125,-2.11328125,0.0234375
1810572466000,6.751953125,1.068359375,1.42578125,-2.1015625,-1.91796875,-0.59765625
1810575456000,7.224609375,0.943359375,1.669921875,-1.9375,-1.58984375,-0.98828125
1810630295000,8.744140625,-4.673828125,2.384765625,-1.4609375,1.40234375,-9.44921875
1810632334000,8.359375,-4.826171875,2.3125,-1.984375,1.26171875,-9.53515625
1810634850000,7.9140625,-4.984375,2.3046875,-2.2578125,1.05859375,-9.60546875
1810637325000,7.46484375,-5.12109375,2.267578125,-2.50390625,0.70703125,-9.78125
1810642328000,6.515625,-5.3828125,2.228515625,-2.44921875,0.64453125,-10.0859375
1810645310000,6.009765625,-5.494140625,2.265625,-2.453125,0.3671875,-10.23828125
1810647365000,5.517578125,-5.578125,2.2578125,-2.25,0.1171875,-10.2734375
1810649992000,5.029296875,-5.671875,2.28515625,-2.234375,0.0703125,-10.4296875
1810652347000,4.53515625,-5.736328125,2.291015625,-2.33203125,-0.046875,-10.234375
1810654825000,4.060546875,-5.8125,2.26953125,-2.5546875,-0.08203125,-9.94921875
1810657491000,3.591796875,-5.861328125,2.2421875,-2.5390625,-0.13671875,-10.10546875
1810719731000,-1.712890625,-2.013671875,-1.30859375,3.33203125,0.74609375,0.76171875
1810722129000,-1.775390625,-1.7890625,-1.59765625,4.08203125,0.39453125,1.921875
1810724611000,-1.806640625,-1.55859375,-1.873046875,4.06640625,0.44140625,1.8984375
1810727181000,-1.822265625,-1.3125,-2.1796875,4.05078125,0.50390625,1.8671875
1810729741000,-1.849609375,-1.044921875,-2.46875,4.76171875,-0.03125,2.92578125
1810732169000,-1.818359375,-0.783203125,-2.77734375,5.43359375,-0.58203125,3.9140625
1810734731000,-1.7890625,-0.498046875,-3.0703125,5.87890625,-0.92578125,4.9921875
1810737071000,-1.74609375,-0.224609375,-3.30859375,5.87109375,-0.83984375,4.9921875
1810739631000,-1.697265625,0.08984375,-3.578125,6.0078125,-0.984375,6.3515625
1810742209000,-1.66015625,0.42578125,-3.78515625,5.79296875,-1.12109375,7.515625
1810821518000,-1.662109375,5.734375,-2.87890625,0.0078125,2.18359375,-2.0859375
1810829505000,-2.0859375,4.15625,-2.515625,1.09375,3.0546875,-1.34765625
1810839785000,-2.447265625,3.068359375,-1.814453125,-0.84375,4.65234375,-1.5625
1810844409000,-2.556640625,2.52734375,-1.537109375,-0.90625,4.69140625,-1.3828125
1810846783000,-2.591796875,2.29296875,-1.412109375,-1.3359375,4.8984375,-1.50390625
1810849428000,-2.611328125,2.03515625,-1.306640625,-1.65625,4.8828125,-1.63671875
1810852241000,-2.64453125,1.822265625,-1.22265625,-1.6875,4.890625,-1.55078125
1810854564000,-2.6328125,1.646484375,-1.15625,-1.7578125,4.5078125,-2.16796875
1810856775000,-2.6328125,1.494140625,-1.103515625,-1.7734375,4.515625,-2.10546875
1810859381000,-2.62109375,1.392578125,-1.060546875,-1.8046875,4.5234375,-2.04296875
1810916897000,-5.96484375,-1.052734375,1.08203125,-3.69140625,-2.984375,-4.0625
1810921760000,-6.013671875,-1.498046875,1.6328125,-3.94140625,-3.74609375,-3.14453125
1810929408000,-5.859375,-2.140625,2.509765625,-4.13671875,-4.56640625,-2.375
1810935970000,-5.603515625,-2.509765625,3.087890625,-4.5,-6.01171875,-0.96484375
1810938408000,-5.423828125,-2.68359375,3.365234375,-4.54296875,-6.90234375,0.6953125
1810941612000,-4.927734375,-2.998046875,3.92578125,-4.41796875,-7.15234375,0.671875
1810944038000,-4.599609375,-3.150390625,4.19140625,-4.21875,-7.36328125,1.17578125
1810946702000,-4.275390625,-3.2890625,4.494140625,-3.5859375,-7.28515625,1.578125
1810949203000,-3.912109375,-3.38671875,4.783203125,-3.5078125,-7.42578125,1.5390625
1810951683000,-3.525390625,-3.50390625,5.05078125,-2.765625,-7.35546875,1.95703125
1811071419000,2.361328125,1.912109375,-2.076171875,1.18359375,0.1484375,-3.69140625
1811074188000,1.896484375,2.255859375,-2.1875,0.71484375,0.30859375,-4.19921875
1811076324000,1.3828125,2.6171875,-2.255859375,0.4765625,0.42578125,-4.96875
1811078765000,0.833984375,3.03125,-2.306640625,0.69140625,0.39453125,-5.95703125
1811081399000,0.23828125,3.48828125,-2.375,0.68359375,0.44921875,-5.89453125
1811083845000,-0.3515625,3.99609375,-2.3984375,0.67578125,0.51171875,-5.82421875
1811086797000,-0.958984375,4.490234375,-2.43359375,1.08203125,0.51953125,-6.6015625
1811088908000,-1.556640625,5.029296875,-2.484375,1.35546875,0.44921875,-7.375
1811091251000,-2.115234375,5.533203125,-2.517578125,1.33984375,0.49609375,-7.2734375
1811094099000,-2.626953125,6.03515625,-2.611328125,1.66015625,0.3984375,-8.3828125
1811096367000,-3.08984375,6.46875,-2.70703125,1.84375,0.25,-9.5859375
1811098755000,-3.537109375,6.84765625,-2.8125,2.21484375,0.234375,-10.515625
1811101179000,-3.9296875,7.13671875,-2.962890625,2.17578125,0.28125,-10.359375
1811103813000,-4.345703125,7.32421875,-3.109375,2.4453125,0.43359375,-10.73046875
1811106484000,-4.7421875,7.45703125,-3.26171875,2.3984375,0.48046875,-10.55859375
1811109165000,-5.125,7.525390625,-3.43359375,2.48828125,0.89453125,-10.47265625
1811111361000,-5.505859375,7.537109375,-3.619140625,2.42578125,0.93359375,-10.27734375
1811113786000,-5.892578125,7.4296875,-3.767578125,2.515625,1.1953125,-9.99609375
1811116316000,-6.2421875,7.228515625,-3.904296875,1.95703125,1.59765625,-9.515625
1811260944000,0.04296875,-4.0,3.71484375,3.75390625,1.16015625,0.90625
1811268446000,-0.1796875,-2.62890625,2.705078125,4.87109375,2.50390625,0.05859375
1811275919000,-0.736328125,-0.8984375,1.87109375,5.79296875,2.98828125,-0.58984375
1811280868000,-1.296875,0.333984375,1.38671875,5.76171875,2.91015625,-0.62109375
1811283850000,-1.595703125,0.974609375,1.1640625,6.05078125,2.953125,-1.0625
1811285849000,-1.939453125,1.615234375,0.94921875,6.03515625,3.03515625,-1.35546875
1811288559000,-2.283203125,2.2421875,0.71875,5.59765625,3.15625,-1.58984375
1811290833000,-2.6640625,2.8046875,0.529296875,5.58203125,3.140625,-1.56640625
1811293407000,-3.033203125,3.318359375,0.306640625,4.82421875,3.0703125,-1.65234375
1811295992000,-3.3984375,3.76171875,0.103515625,4.81640625,3.0625,-1.60546875
1811298380000,-3.76953125,4.22265625,-0.126953125,3.421875,2.57421875,-2.78515625
1811300852000,-4.111328125,4.677734375,-0.375,3.4140625,2.57421875,-2.72265625
1811303360000,-4.43359375,5.1484375,-0.619140625,3.4140625,2.57421875,-2.66015625
1811348418000,-5.615234375,7.1875,-6.0703125,0.109375,-3.38671875,1.59765625
1811351178000,-5.349609375,6.99609375,-6.091796875,0.1015625,-3.28515625,1.72265625
1811353237000,-4.9375,6.79296875,-6.07421875,-4.1015625,-3.43359375,0.953125
1811358284000,-3.763671875,6.412109375,-5.93359375,-5.8671875,-3.56640625,0.453125
1811365754000,-1.46875,5.65234375,-5.294921875,-6.953125,-4.66796875,0.6015625
1811374764000,0.56640625,4.216796875,-4.3203125,-6.796875,-5.453125,2.79296875
1811378166000,1.31640625,3.00390625,-3.466796875,-6.8359375,-5.265625,2.96484375
1811380629000,1.50390625,2.466796875,-3.01171875,-5.64453125,-4.91015625,3.984375
1811383187000,1.64453125,2.013671875,-2.533203125,-5.21875,-5.1171875,4.3359375
1811385891000,1.76171875,1.57421875,-2.14453125,-5.2265625,-5.0390625,4.3828125
1811460292000,6.091796875,-4.2421875,6.0703125,2.890625,2.296875,-10.3515625
1811460428000,5.5078125,-4.24609375,5.8984375,1.95703125,2.734375,-10.5078125
1811463091000,4.802734375,-4.275390625,5.66796875,1.96484375,2.5703125,-10.6328125
1811465520000,4.02734375,-4.265625,5.380859375,1.015625,2.88671875,-10.80078125
1811467922000,3.19921875,-4.2421875,5.0625,1.015625,2.79296875,-10.87890625
1811470649000,2.3515625,-4.166015625,4.693359375,0.26953125,3.0234375,-11.29296875
1811473023000,1.54296875,-4.06640625,4.302734375,-0.36328125,3.23046875,-11.8125
1811475517000,0.759765625,-3.94140625,3.904296875,-0.94921875,3.47265625,-12.08984375
1811483075000,-1.201171875,-3.412109375,2.505859375,-1.421875,3.8046875,-12.2265625
1811490539000,-2.5859375,-2.560546875,1.2109375,-1.234375,4.89453125,-11.6640625
1811497844000,-3.515625,-1.400390625,0.197265625,2.1796875,5.1484375,-9.33984375
1811502914000,-4.0390625,-0.52734375,-0.373046875,2.203125,5.109375,-9.44921875
1811505800000,-4.302734375,-0.095703125,-0.626953125,3.28515625,4.55859375,-8.67578125
1811507948000,-4.578125,0.33203125,-0.912109375,4.1640625,3.83203125,-7.98046875
1811510352000,-4.857421875,0.771484375,-1.189453125,4.1640625,3.83203125,-8.00390625
1811549848000,-5.5234375,1.779296875,-4.130859375,0.4609375,-1.6953125,0.48046875
1811560297000,-4.47265625,0.912109375,-4.673828125,0.3046875,-2.24609375,3.77734375
1811565330000,-3.908203125,0.634765625,-4.658203125,0.12109375,-2.40625,5.359375
1811568202000,-3.55859375,0.494140625,-4.57421875,-0.29296875,-2.54296875,6.91015625
1811570220000,-3.208984375,0.361328125,-4.451171875,-0.77734375,-2.62890625,8.3515625
1811572756000,-2.798828125,0.25390625,-4.275390625,-1.2265625,-2.93359375,9.73046875
1811575149000,-2.375,0.173828125,-4.099609375,-1.890625,-3.3828125,10.98828125
1811580101000,-1.48828125,-0.02734375,-3.6875,-2.5078125,-3.59375,12.13671875
1811587764000,-0.123046875,-0.390625,-3.06640625,-2.671875,-3.91015625,14.09375
1811595210000,1.29296875,-0.66796875,-2.314453125,2.90234375,-5.28125,10.8203125
1811630347000,7.9296875,-2.55078125,0.783203125,2.90234375,-5.2578125,10.7734375
1811632585000,8.2890625,-2.65234375,0.8671875,3.33203125,-5.06640625,10.09375
1811635225000,8.615234375,-2.76171875,0.904296875,3.796875,-4.6796875,9.31640625
1811642647000,9.513671875,-3.01953125,0.810546875,4.23046875,-4.328125,8.328125
1811650266000,10.1640625,-3.076171875,0.4765625,4.87890625,-4.890625,5.16796875
1811657560000,10.708984375,-3.15625,-0.21484375,3.9453125,-4.95703125,3.66796875
1811662568000,10.853515625,-3.205078125,-0.708984375,3.96875,-4.87109375,3.54296875
1811665067000,10.830078125,-3.23828125,-0.9609375,3.21875,-4.40234375,3.3359375
1811667605000,10.74609375,-3.267578125,-1.19921875,2.40234375,-4.28125,3.0625
1811670425000,10.65234375,-3.283203125,-1.439453125,2.41015625,-4.2109375,2.984375
1811712823000,3.2578125,1.07421875,-0.904296875,-3.578125,-6.2578125,-5.26953125
1811717146000,2.37109375,1.705078125,-0.76953125,-4.28515625,-5.83203125,-6.32421875
1811717326000,1.419921875,2.33203125,-0.673828125,-4.66015625,-5.12109375,-7.13671875
1811719943000,0.44140625,2.939453125,-0.62890625,-4.65234375,-4.29296875,-7.984375
1811724923000,-1.525390625,4.140625,-0.69921875,-3.96875,-3.3515625,-8.75
1811727443000,-2.498046875,4.708984375,-0.76953125,-2.88671875,-2.41796875,-9.83984375
1811729791000,-3.427734375,5.25390625,-0.888671875,-2.89453125,-2.40234375,-9.72265625
1811732376000,-4.279296875,5.787109375,-1.03515625,-1.65625,-1.54296875,-10.98046875
1811734963000,-5.056640625,6.27734375,-1.208984375,-1.6640625,-1.52734375,-10.82421875
1811737281000,-5.75390625,6.732421875,-1.3984375,-0.3203125,-0.7109375,-12.34375
1811812137000,-5.591796875,-3.140625,-2.87890625,-0.0859375,-6.859375,0.234375
1811814839000,-5.525390625,-3.23046875,-2.6796875,-1.0859375,-7.90234375,2.359375
1811817230000,-5.41015625,-3.26953125,-2.462890625,-2.46875,-8.734375,4.54296875
1811822065000,-5.033203125,-3.20703125,-1.908203125,-3.95703125,-9.09375,6.61328125
1811829654000,-4.244140625,-3.109375,-0.79296875,-5.3203125,-9.1796875,8.9140625
1811832268000,-3.921875,-3.0703125,-0.32421875,-6.22265625,-9.546875,13.12890625
1811837005000,-3.142578125,-3.03515625,0.66796875,-6.17578125,-9.6015625,13.03515625
1811839617000,-2.67578125,-3.033203125,1.205078125,-6.046875,-9.59375,14.359375
1811842114000,-2.166015625,-3.03125,1.736328125,-5.77734375,-9.421875,15.16015625
1811845023000,-1.60546875,-3.044921875,2.291015625,-5.73828125,-9.4921875,15.08984375
1811889484000,6.1640625,-3.849609375,6.564453125,7.5234375,-2.73046875,10.828125
1811892068000,6.234375,-3.59375,6.33984375,8.9296875,-2.12109375,9.77734375
1811894583000,6.259765625,-3.33984375,6.033203125,9.734375,-1.28125,8.48046875
1811896906000,6.279296875,-3.1015625,5.712890625,9.734375,-1.40625,8.41015625
1811899538000,6.30078125,-2.87109375,5.333984375,10.42578125,-0.66015625,6.640625
1811901813000,6.357421875,-2.662109375,4.93359375,10.41015625,-0.76953125,6.5859375
1811904477000,6.4375,-2.458984375,4.48828125,10.5,0.05078125,5.20703125
1811906998000,6.486328125,-2.2578125,4.029296875,10.4921875,-0.05078125,5.16015625
1811909391000,6.56640625,-2.083984375,3.5390625,10.3125,1.0,3.76953125
1811912221000,6.619140625,-1.896484375,3.06640625,9.76953125,2.0625,2.53125
1811966559000,-0.25,4.91796875,-5.40625,-0.0546875,1.37109375,-18.12890625
1811969482000,-1.53125,5.880859375,-5.736328125,-0.4140625,0.9453125,-18.55859375
1811971961000,-2.119140625,6.232421875,-5.904296875,-1.15625,0.35546875,-19.0625
1811976762000,-3.111328125,6.498046875,-6.240234375,-1.41015625,0.1875,-19.46484375
1811981899000,-3.88671875,6.541015625,-6.501953125,-1.48828125,0.4609375,-19.14453125
1811984718000,-4.166015625,6.505859375,-6.57421875,-1.28515625,0.40625,-19.25390625
1811986845000,-4.431640625,6.37109375,-6.58203125,-1.47265625,0.265625,-19.0546875
1811989298000,-4.6796875,6.107421875,-6.509765625,-1.52734375,0.3828125,-18.8984375
1811991825000,-4.904296875,5.71484375,-6.412109375,-2.0234375,0.30078125,-18.6015625
1811994137000,-5.109375,5.177734375,-6.25,-2.44140625,0.12109375,-18.19140625
1812079163000,-1.384765625,-4.447265625,4.205078125,-3.5859375,-9.88671875,13.33203125
1812086630000,0.060546875,-4.734375,5.189453125,-2.14453125,-8.5,13.7578125
1812089065000,0.474609375,-4.818359375,5.4296875,-1.3203125,-7.76171875,13.69921875
1812094065000,1.16796875,-4.861328125,5.759765625,-0.375,-7.1015625,13.5703125
1812096634000,1.4765625,-4.828125,5.87109375,0.52734375,-6.390625,13.59375
1812098954000,1.7421875,-4.77734375,5.9609375,0.55078125,-6.53125,13.46875
1812101552000,1.994140625,-4.703125,6.015625,1.515625,-5.9453125,13.3515625
1812106614000,2.3671875,-4.4921875,6.0546875,1.5390625,-6.21875,13.1328125
1812109444000,2.52734375,-4.3515625,6.046875,2.515625,-5.72265625,12.82421875
1812111480000,2.638671875,-4.154296875,5.986328125,3.6328125,-5.015625,12.5
1812153813000,3.505859375,0.4375,1.736328125,10.80078125,2.69921875,2.484375
1812156470000,3.55859375,0.92578125,1.24609375,10.78515625,2.65234375,2.5
1812161061000,3.587890625,1.396484375,0.740234375,10.875,3.07421875,1.4375
1812163876000,3.55859375,2.21875,-0.201171875,11.46875,3.63671875,0.546875
1812169074000,3.42578125,3.150390625,-1.041015625,12.50390625,3.47265625,-2.69921875
1812172769000,3.333984375,3.732421875,-1.484375,11.859375,3.140625,-4.72265625
1812176496000,3.09765625,4.962890625,-2.341796875,10.55859375,2.87890625,-7.2109375
1812178752000,3.013671875,5.591796875,-2.779296875,10.55078125,2.94140625,-7.0859375
1812181415000,2.978515625,6.19921875,-3.21484375,8.66015625,3.01953125,-10.76953125
1812183736000,2.94140625,6.78125,-3.63671875,8.65234375,3.10546875,-10.61328125
1812236162000,-4.396484375,1.37109375,-5.990234375,-3.5078125,0.2109375,-14.30859375
1812238799000,-4.49609375,0.978515625,-5.734375,-3.3046875,-0.55859375,-13.19921875
1812241690000,-4.59375,0.62109375,-5.462890625,-2.67578125,-1.6953125,-12.3125
1812243893000,-4.6640625,0.3203125,-5.16796875,-1.85546875,-2.8828125,-11.32421875
1812246246000,-4.765625,0.044921875,-4.89453125,-1.87109375,-2.828125,-11.30859375
1812248731000,-4.85546875,-0.23046875,-4.603515625,-1.37890625,-3.83203125,-9.9140625
1812251057000,-4.962890625,-0.50390625,-4.306640625,-1.37890625,-4.609375,-8.39453125
1812253649000,-5.0546875,-0.751953125,-3.984375,-1.39453125,-4.5703125,-8.39453125
1812258588000,-5.228515625,-1.21875,-3.283203125,-2.1796875,-6.26953125,-5.2109375
1812316080000,2.921875,-4.484375,4.220703125,-2.54296875,-8.94140625,13.19921875
1812320848000,3.3046875,-4.560546875,4.330078125,-1.9375,-8.68359375,13.39453125
1812323511000,3.890625,-4.65625,4.44140625,-1.875,-8.85546875,13.16796875
1812326097000,4.134765625,-4.625,4.4609375,-1.25,-8.53125,13.3203125
1812328413000,4.341796875,-4.55078125,4.455078125,-1.21875,-8.609375,13.21875
1812331036000,4.482421875,-4.400390625,4.4296875,0.26953125,-7.9375,13.3984375
1812333597000,4.615234375,-4.205078125,4.369140625,0.29296875,-8.0234375,13.2890625
1812335970000,4.71875,-3.953125,4.294921875,1.1796875,-7.75390625,13.1640625
1812340154000,4.791015625,-3.66796875,4.201171875,2.0703125,-7.421875,13.1015625
1812348051000,4.90625,-2.650390625,3.765625,3.41015625,-6.80078125,12.625
1812413446000,6.775390625,3.65234375,-2.685546875,-0.5546875,-0.81640625,-18.75
1812418018000,6.21484375,3.677734375,-2.90234375,-0.28125,-0.953125,-19.44140625
1812420820000,4.89453125,3.73046875,-3.328125,-0.328125,-0.75,-19.26953125
1812423215000,4.197265625,3.77734375,-3.546875,0.0390625,-1.30859375,-19.9296875
1812425870000,3.505859375,3.818359375,-3.763671875,0.19921875,-1.51953125,-20.4453125
1812428272000,2.826171875,3.748046875,-3.96875,0.16796875,-1.40234375,-20.3671875
1812430644000,2.193359375,3.611328125,-4.171875,-0.2578125,-1.359375,-20.71875
1812433332000,1.578125,3.474609375,-4.349609375,-0.2890625,-1.2421875,-20.6328125
1812437730000,0.990234375,3.33984375,-4.4921875,0.3515625,-0.8359375,-20.01171875
1812445363000,-0.505859375,2.9296875,-4.72265625,0.60546875,-0.61328125,-17.43359375
1812492151000,-2.625,-2.5703125,-3.080078125,-2.46484375,-0.7578125,-3.0
1812495728000,-2.294921875,-3.19140625,-2.716796875,-2.44921875,-0.671875,-3.09375
1812498195000,-2.130859375,-3.4140625,-2.5078125,-2.39453125,-0.890625,-1.4921875
1812500612000,-1.97265625,-3.578125,-2.279296875,-2.1171875,-1.14453125,0.28515625
1812503367000,-1.8125,-3.68359375,-2.025390625,-2.1015625,-1.10546875,0.21484375
1812505617000,-1.662109375,-3.736328125,-1.765625,-1.80859375,-1.45703125,2.05859375
1812508212000,-1.5078125,-3.7421875,-1.48046875,-1.5625,-1.921875,3.9609375
1812510838000,-1.349609375,-3.7109375,-1.20703125,-1.38671875,-2.4921875,5.81640625
1812515577000,-1.208984375,-3.65625,-0.91015625,-1.36328125,-3.15625,7.57421875
1812518062000,-0.87109375,-3.46875,-0.3125,-1.31640625,-3.1484375,7.44140625
1812650327000,2.470703125,2.7109375,-2.029296875,6.80078125,7.578125,-19.76171875
1812652729000,2.232421875,2.71484375,-2.384765625,6.78515625,7.640625,-19.69921875
1812655253000,2.015625,2.66796875,-2.748046875,6.49609375,7.15625,-21.6875
1812659596000,1.8046875,2.576171875,-3.14453125,5.83984375,6.53515625,-23.07421875
1812667329000,1.138671875,1.896484375,-4.28125,5.24609375,3.99609375,-25.1484375
1812675407000,0.306640625,1.259765625,-5.36328125,5.17578125,-0.6953125,-26.65234375
1812677793000,0.107421875,1.138671875,-5.48046875,4.78125,-2.26171875,-26.65625
1812682634000,-0.318359375,0.87109375,-5.572265625,4.7109375,-2.01953125,-26.609375
1812685124000,-0.548828125,0.705078125,-5.537109375,4.13671875,-3.03515625,-26.51953125
1812687787000,-0.787109375,0.48046875,-5.423828125,3.37109375,-3.828125,-26.09375
1812690715000,-1.046875,0.216796875,-5.29296875,2.61328125,-4.36328125,-25.50390625
1812692822000,-1.29296875,-0.12109375,-5.130859375,1.9296875,-4.4609375,-24.39453125
1812697672000,-1.904296875,-0.9296875,-4.7265625,1.38671875,-4.109375,-22.9765625
1812705252000,-2.923828125,-2.296875,-4.03125,1.12109375,-2.8125,-19.71875
1812712779000,-3.908203125,-3.470703125,-3.38671875,1.1640625,-1.8984375,-15.68359375
1812717739000,-4.46875,-4.0546875,-3.044921875,1.171875,-1.828125,-15.77734375
1812719977000,-4.703125,-4.2890625,-2.916015625,1.1484375,-1.69921875,-13.6015625
1812752578000,-5.54296875,-5.3046875,-1.484375,-1.34765625,-4.375,4.390625
1812756847000,-5.48046875,-5.3515625,-1.25390625,-1.49609375,-5.0546875,5.9609375
1812759963000,-5.3125,-5.455078125,-0.74609375,-1.65625,-5.8046875,7.71484375
1812762501000,-5.205078125,-5.5,-0.48828125,-1.94140625,-6.40625,9.37890625
1812764830000,-5.0703125,-5.515625,-0.201171875,-1.91796875,-6.421875,9.30859375
1812767497000,-4.9375,-5.48828125,0.0859375,-1.88671875,-6.4453125,9.23046875
1812769992000,-4.798828125,-5.447265625,0.3828125,-2.33984375,-6.765625,10.734375
1812772601000,-4.640625,-5.421875,0.673828125,-2.8828125,-6.94140625,12.2265625
1812775042000,-4.5078125,-5.37890625,0.978515625,-3.13671875,-7.1171875,13.53125
1812779948000,-4.21484375,-5.349609375,1.591796875,-3.0859375,-7.28515625,14.5234375
1812830304000,-1.0234375,-2.568359375,5.51171875,6.18359375,-3.9453125,16.4765625
1812837380000,-0.5390625,-2.328125,5.537109375,7.13671875,-1.91796875,15.6328125
1812844898000,0.12890625,-2.169921875,5.287109375,7.74609375,-0.1328125,14.7578125
1812854498000,0.970703125,-2.056640625,4.810546875,9.38671875,0.58203125,13.53125
1812857211000,1.609375,-1.9609375,4.349609375,9.37890625,0.34765625,13.4375
1812859784000,1.94921875,-1.9140625,4.068359375,10.28125,0.21484375,13.171875
1812862374000,2.279296875,-1.83984375,3.755859375,11.27734375,0.3125,12.9140625
1812864900000,2.611328125,-1.71484375,3.423828125,11.26171875,0.2109375,12.875
1812867261000,2.91796875,-1.53515625,3.099609375,12.25,0.3828125,12.5078125
1812870041000,3.25390625,-1.32421875,2.71875,13.06640625,0.28125,12.1328125
1812916701000,6.568359375,5.57421875,-5.201171875,1.5,-3.72265625,-13.8515625
1812919684000,6.716796875,5.947265625,-5.46484375,1.4921875,-3.45703125,-13.5703125
1812922057000,6.603515625,6.078125,-5.654296875,0.0078125,-4.015625,-15.4140625
1812924571000,6.34765625,5.90234375,-5.828125,-2.96875,-3.38671875,-16.44140625
1812927135000,5.98828125,5.478515625,-5.98046875,-2.984375,-3.23046875,-16.30078125
1812929608000,5.4921875,5.2265625,-6.12890625,-4.328125,-2.5859375,-18.44921875
1812932080000,4.921875,5.189453125,-6.259765625,-3.421875,-2.96875,-20.69140625
1812934668000,4.353515625,5.294921875,-6.3125,-3.29296875,-4.75390625,-23.00390625
1812939768000,3.23046875,5.58203125,-6.34765625,-4.16796875,-6.24609375,-25.08984375
1812947223000,1.30859375,5.326171875,-6.09765625,-4.77734375,-7.08984375,-26.13671875
1813011991000,-7.025390625,-2.236328125,-1.97265625,-2.42578125,-4.13671875,-1.50390625
1813014439000,-6.8359375,-2.345703125,-1.916015625,-3.453125,-4.5390625,0.1875
1813017032000,-6.60546875,-2.462890625,-1.84375,-3.453125,-4.5546875,0.1953125
1813019316000,-6.330078125,-2.5546875,-1.748046875,-3.4453125,-4.5703125,0.203125
1813021968000,-5.998046875,-2.650390625,-1.60546875,-4.27734375,-5.109375,1.890625
1813024661000,-5.609375,-2.75,-1.423828125,-4.80859375,-5.67578125,3.59765625
1813026926000,-5.216796875,-2.84375,-1.16796875,-4.80078125,-5.69140625,3.58203125
1813029848000,-4.7890625,-2.9375,-0.87109375,-5.13671875,-6.125,5.30078125
1813031994000,-4.359375,-2.990234375,-0.52734375,-5.12109375,-6.53515625,6.81640625
1813034266000,-3.93359375,-2.99609375,-0.1640625,-4.54296875,-6.96875,8.25
1813036995000,-3.509765625,-3.076171875,0.2421875,-4.51953125,-7.0,8.2265625
1813039394000,-3.099609375,-3.1796875,0.662109375,-4.5234375,-7.1484375,9.51171875
1813041908000,-2.677734375,-3.212890625,1.1015625,-4.5,-7.1875,9.46484375
1813044415000,-2.287109375,-3.1875,1.50390625,-4.02734375,-7.171875,10.11328125
1813046917000,-1.90234375,-3.14453125,1.859375,-3.99609375,-7.21875,10.05859375
1813094422000,2.30859375,-2.837890625,4.82421875,2.51171875,-8.44140625,15.99609375
1813099323000,2.9296875,-2.771484375,4.64453125,3.62109375,-7.8984375,15.9609375
1813106766000,3.908203125,-2.578125,4.31640625,5.3359375,-6.234375,16.37109375
1813114296000,5.03515625,-2.353515625,3.875,7.484375,-4.91796875,16.640625
1813119119000,5.474609375,-2.2421875,3.7109375,8.99609375,-4.53125,16.41015625
1813121769000,6.435546875,-1.89453125,3.271484375,9.01171875,-4.6796875,16.30078125
1813124131000,6.97265625,-1.646484375,3.00390625,10.703125,-4.40625,15.5078125
1813126705000,7.525390625,-1.34765625,2.732421875,12.40625,-4.27734375,13.9765625
1813129204000,8.1015625,-1.064453125,2.4375,13.7109375,-4.3828125,11.9609375
1813131721000,8.658203125,-0.767578125,2.123046875,13.7109375,-4.4296875,11.9375
1813251345000,-1.64453125,-1.392578125,-4.595703125,-1.875,-2.8359375,-19.6484375
1813254086000,-1.546875,-1.736328125,-4.419921875,-2.1171875,-2.3671875,-17.96875
1813258942000,-1.365234375,-2.4296875,-3.974609375,-2.234375,-1.6015625,-16.33984375
1813266394000,-1.138671875,-3.53125,-3.267578125,-2.8359375,-0.421875,-13.0703125
1813273996000,-1.01171875,-4.587890625,-2.587890625,-2.67578125,0.40625,-9.45703125
1813278780000,-1.013671875,-4.880859375,-2.376953125,-2.40234375,0.546875,-7.58984375
1813281304000,-1.029296875,-5.337890625,-2.0234375,-2.43359375,0.625,-7.76953125
1813283805000,-1.02734375,-5.517578125,-1.8515625,-2.140625,0.6640625,-5.79296875
1813286359000,-1.05078125,-5.6484375,-1.70703125,-1.8046875,0.703125,-3.81640625
1813288837000,-1.0625,-5.740234375,-1.58203125,-1.5625,0.734375,-1.93359375
1813351352000,1.01953125,-3.02734375,4.63671875,-0.49609375,-4.546875,15.93359375
1813356195000,1.173828125,-2.90234375,5.060546875,-0.45703125,-4.6484375,15.85546875
1813360399000,1.224609375,-2.880859375,5.216796875,0.93359375,-3.66015625,16.9921875
1813363724000,1.4140625,-2.88671875,5.412109375,2.046875,-2.5234375,18.75
1813371164000,2.083984375,-2.78515625,5.498046875,4.640625,-0.875,18.81640625
1813376001000,2.4453125,-2.720703125,5.498046875,6.2265625,-0.359375,18.0234375
1813376179000,2.85546875,-2.662109375,5.470703125,6.2578125,-0.5078125,17.9453125
1813378673000,3.2890625,-2.62109375,5.404296875,7.91015625,-0.07421875,17.25390625
1813383618000,4.15625,-2.556640625,5.169921875,7.95703125,-0.36328125,17.08203125
1813386504000,4.541015625,-2.525390625,4.98046875,9.5234375,0.01953125,16.328125
1813388653000,4.861328125,-2.5,4.787109375,10.69921875,0.61328125,15.9609375
1813391064000,5.1484375,-2.45703125,4.548828125,11.3671875,0.65234375,15.76171875
1813398537000,5.775390625,-2.17578125,3.50390625,11.7421875,0.46484375,15.91796875
1813436149000,6.591796875,3.322265625,-4.841796875,10.5234375,1.0703125,2.1328125
1813438425000,6.69140625,3.68359375,-5.294921875,8.9375,1.01171875,-0.84765625
1813441395000,6.7734375,3.9453125,-5.701171875,8.953125,1.08984375,-0.77734375
1813443600000,6.828125,4.119140625,-6.076171875,8.13671875,1.5390625,-3.30078125
1813445983000,6.806640625,4.23046875,-6.3828125,7.64453125,2.265625,-4.734375
1813448443000,6.740234375,4.26953125,-6.638671875,7.66015625,2.3515625,-4.6640625
1813450940000,6.564453125,4.26171875,-6.888671875,7.44921875,2.76171875,-4.96484375
1813453337000,6.318359375,4.205078125,-7.125,7.4765625,2.35546875,-5.1640625
1813460995000,5.341796875,3.962890625,-7.744140625,7.515625,1.1796875,-6.0703125
1813465663000,5.033203125,3.923828125,-7.927734375,6.5078125,-3.3046875,-8.41796875
1813473355000,4.126953125,4.015625,-8.35546875,-2.8046875,-11.71484375,-18.01953125
1813515838000,-1.44140625,1.009765625,-5.6015625,-2.953125,-11.46484375,-17.93359375
1813518191000,-1.66796875,0.701171875,-5.298828125,-3.47265625,-10.97265625,-18.30859375
1813520727000,-1.92578125,0.388671875,-4.982421875,-3.9453125,-10.26171875,-18.01953125
1813523542000,-2.24609375,0.060546875,-4.671875,-4.0234375,-10.16015625,-17.98828125
1813525758000,-2.62109375,-0.28515625,-4.34375,-4.26171875,-9.375,-17.44921875
1813528263000,-3.01171875,-0.62890625,-4.029296875,-4.3671875,-8.5234375,-17.19921875
1813530773000,-3.416015625,-0.97265625,-3.716796875,-4.421875,-8.4453125,-17.16015625
1813538296000,-4.783203125,-2.015625,-2.72265625,-3.78125,-6.62890625,-16.59765625
1813543101000,-5.74609375,-2.654296875,-2.04296875,-2.61328125,-5.7578125,-15.41796875
1813550605000,-7.11328125,-3.455078125,-1.1015625,-2.0625,-5.5234375,-13.94921875
1813617949000,-10.25390625,-3.154296875,5.357421875,-3.48046875,-11.0234375,7.734375
1813621023000,-10.060546875,-3.23828125,5.677734375,-3.37890625,-11.203125,7.8203125
1813623061000,-9.845703125,-3.3828125,6.005859375,-2.86328125,-11.8125,8.62109375
1813625487000,-9.609375,-3.572265625,6.376953125,-2.3515625,-12.4375,9.328125
1813628429000,-9.32421875,-3.732421875,6.6796875,-2.19921875,-13.00390625,10.1484375
1813633139000,-8.70703125,-4.34765625,7.38671875,-2.01953125,-13.34765625,10.1875
1813635859000,-8.333984375,-4.6328125,7.7578125,-1.26953125,-13.25,11.2421875
1813638109000,-7.927734375,-4.857421875,8.068359375,-0.7734375,-13.31640625,12.01953125
1813640454000,-7.4609375,-5.0703125,8.369140625,-0.6796875,-13.51953125,11.98828125
1813642997000,-6.953125,-5.220703125,8.6328125,-0.0625,-13.046875,12.328125
1813777847000,0.2734375,5.705078125,-3.611328125,4.4453125,2.99609375,-15.4453125
1813780469000,-0.181640625,5.970703125,-3.9609375,3.7421875,3.3984375,-17.71875
1813782698000,-0.53515625,5.94921875,-4.515625,3.734375,3.5,-17.5625
1813785343000,-0.810546875,5.537109375,-5.146484375,0.40625,2.84765625,-19.95703125
1813788080000,-1.064453125,5.12109375,-5.779296875,-3.69921875,3.34765625,-21.40625
1813790140000,-1.33984375,4.92578125,-6.4140625,-2.91015625,3.2265625,-21.67578125
1813792787000,-1.654296875,4.90234375,-6.91796875,-2.96484375,3.5078125,-21.44921875
1813795130000,-1.998046875,4.9765625,-7.3203125,-0.6953125,1.953125,-19.88671875
1813797690000,-2.353515625,5.09765625,-7.587890625,0.91796875,0.015625,-18.22265625
1813800639000,-2.681640625,5.19921875,-7.75390625,0.87109375,0.203125,-18.07421875
1813855110000,-6.865234375,-2.857421875,-2.197265625,-6.8515625,-7.59765625,-4.4609375
1813862537000,-7.1796875,-3.65234375,-1.2265625,-6.81640625,-9.390625,-0.734375
1813869969000,-7.05078125,-4.068359375,-0.244140625,-6.79296875,-10.7265625,2.3984375
1813874491000,-6.904296875,-4.111328125,0.119140625,-6.8984375,-11.3671875,3.5546875
1813877425000,-6.38671875,-4.224609375,0.8828125,-6.9140625,-11.98046875,4.46484375
1813880062000,-6.052734375,-4.32421875,1.29296875,-6.734375,-12.41015625,5.53125
1813882326000,-5.6484375,-4.427734375,1.724609375,-6.6953125,-12.48828125,5.4765625
1813884860000,-5.248046875,-4.599609375,2.181640625,-6.6484375,-12.57421875,5.4140625
1813887493000,-4.79296875,-4.798828125,2.658203125,-6.19921875,-12.82421875,6.578125
1813889874000,-4.357421875,-5.0078125,3.115234375,-5.66796875,-12.66796875,7.95703125
1813960252000,4.404296875,-1.8125,3.064453125,10.625,-2.3125,11.3515625
1813962269000,4.521484375,-1.40234375,2.59765625,11.56640625,-1.62890625,10.5078125
1813964715000,4.619140625,-0.986328125,2.166015625,11.55859375,-1.68359375,10.4921875
1813967568000,4.69921875,-0.55859375,1.6875,12.52734375,-1.09765625,9.5859375
1813969650000,4.78515625,-0.119140625,1.25,13.546875,-0.578125,8.50390625
1813972360000,4.828125,0.349609375,0.783203125,14.453125,-0.16796875,7.421875
1813974698000,4.888671875,0.84375,0.33984375,14.4453125,-0.19140625,7.4453125
1813977344000,4.896484375,1.3359375,-0.091796875,14.4453125,-0.20703125,7.4765625
1813979786000,4.921875,1.83984375,-0.513671875,15.0703125,0.20703125,6.52734375
1813982212000,4.90234375,2.291015625,-0.87890625,15.375,0.5703125,5.5
1814037113000,1.451171875,4.7578125,-4.69921875,4.46875,5.81640625,-18.8671875
1814039583000,0.771484375,4.671875,-4.98828125,4.5234375,5.2265625,-20.08984375
1814042044000,0.0625,4.65625,-5.251953125,4.8671875,4.66015625,-20.92578125
1814044984000,-0.623046875,4.73046875,-5.56640625,4.8203125,4.80078125,-20.80078125
1814047019000,-1.310546875,4.845703125,-5.873046875,4.65625,4.34375,-21.58984375
1814049755000,-1.974609375,4.974609375,-6.166015625,3.81640625,3.83984375,-22.2578125
1814057224000,-3.62109375,5.2265625,-7.10546875,2.3828125,3.42578125,-22.58984375
1814061439000,-4.0390625,5.158203125,-7.388671875,-0.6953125,2.5390625,-22.390625
1814072086000,-5.1953125,3.927734375,-7.970703125,-5.65234375,2.57421875,-17.203125
1814074621000,-5.27734375,3.529296875,-7.8515625,-6.484375,2.01953125,-15.953125
1814077016000,-5.359375,3.09375,-7.640625,-6.5625,2.11328125,-15.8671875
1814079489000,-5.388671875,2.640625,-7.38671875,-6.6328125,1.57421875,-15.48828125
1814084360000,-5.36328125,1.669921875,-6.76171875,-6.7734375,1.73046875,-15.33203125
1814087411000,-5.28125,1.14453125,-6.4375,-5.9609375,0.62890625,-14.32421875
1814092532000,-5.33203125,0.349609375,-5.71484375,-5.89453125,0.01953125,-13.01171875
1814099512000,-5.572265625,-0.677734375,-4.759765625,-4.98046875,-2.2890625,-9.7890625
1814127419000,-6.9453125,-3.34765625,-1.328125,-6.1875,-13.21484375,-1.046875
1814129332000,-6.91796875,-3.58984375,-0.857421875,-5.8515625,-14.7265625,0.14453125
1814131759000,-6.845703125,-3.814453125,-0.359375,-5.8125,-14.796875,0.10546875
1814134421000,-6.744140625,-4.001953125,0.142578125,-5.7578125,-14.890625,0.08203125
1814136882000,-6.59765625,-4.140625,0.67578125,-5.60546875,-16.0,1.35546875
1814139402000,-6.41015625,-4.244140625,1.18359375,-5.80859375,-16.828125,2.4609375
1814141831000,-6.171875,-4.373046875,1.716796875,-5.75390625,-16.9296875,2.40625
1814144365000,-5.904296875,-4.49609375,2.19921875,-6.265625,-17.203125,3.2890625
1814147337000,-5.5859375,-4.62890625,2.685546875,-6.62890625,-17.11328125,4.140625
1814149511000,-5.287109375,-4.79296875,3.138671875,-6.60546875,-16.640625,5.0078125
1814206640000,3.673828125,-4.779296875,7.173828125,6.921875,-7.6875,14.125
1814209239000,3.865234375,-4.5625,6.931640625,8.1875,-6.890625,13.9375
1814211779000,3.998046875,-4.298828125,6.67578125,9.9453125,-5.4609375,13.75390625
1814216737000,4.16796875,-3.60546875,6.15234375,11.390625,-4.2421875,13.44921875
1814224191000,4.380859375,-2.458984375,5.23046875,12.765625,-3.11328125,12.50390625
1814231679000,5.0,-1.126953125,4.07421875,15.984375,-0.21875,6.60546875
1814234103000,5.330078125,-0.654296875,3.666015625,16.61328125,0.98046875,4.3515625
1814236639000,5.6953125,-0.212890625,3.23046875,16.58984375,0.92578125,4.3828125
1814239310000,6.078125,0.18359375,2.78125,16.94921875,1.93359375,2.609375
1814244208000,6.7734375,0.853515625,1.900390625,16.91015625,1.88671875,2.7265625
1814378825000,-1.447265625,-2.791015625,-1.51171875,-6.375,-3.87890625,-1.67578125
1814381480000,-1.2265625,-2.984375,-1.24609375,-6.5703125,-4.03515625,-0.3046875
1814384304000,-0.96484375,-3.154296875,-0.96484375,-6.546875,-4.01953125,-0.3671875
1814386133000,-0.673828125,-3.298828125,-0.68359375,-6.4921875,-4.38671875,2.5625
1814388735000,-0.34765625,-3.427734375,-0.365234375,-6.4609375,-4.38671875,2.4921875
1814391230000,-0.017578125,-3.54296875,-0.03515625,-6.4296875,-4.37890625,2.4140625
1814393651000,0.3046875,-3.623046875,0.31640625,-6.2578125,-4.796875,3.79296875
1814396374000,0.65234375,-3.69140625,0.669921875,-6.21875,-4.796875,3.71484375
1814398857000,0.986328125,-3.724609375,1.060546875,-5.9296875,-5.30078125,4.90234375
1814401321000,1.330078125,-3.732421875,1.45703125,-5.4765625,-5.84375,6.08984375
1814403996000,1.646484375,-3.72265625,1.857421875,-5.4296875,-5.8671875,5.98828125
1814458648000,7.525390625,-2.0390625,6.30859375,4.3515625,-2.5859375,12.125
1814461140000,7.8046875,-2.16796875,5.927734375,7.08203125,-1.69140625,12.0859375
1814468958000,7.912109375,-2.53125,5.126953125,10.44140625,-0.59375,9.6796875
1814473566000,7.970703125,-2.583984375,4.44921875,10.44921875,-0.7734375,9.5703125
1814476276000,8.037109375,-2.486328125,4.029296875,11.328125,0.1484375,7.1796875
1814478843000,8.080078125,-2.302734375,3.56640625,11.3671875,1.390625,5.02734375
1814481061000,8.115234375,-2.0625,3.05078125,11.3671875,1.3359375,4.98828125
1814483616000,8.091796875,-1.74609375,2.521484375,10.984375,2.93359375,3.4921875
1814486174000,7.982421875,-1.431640625,1.9453125,10.1328125,4.53125,2.796875
1814488542000,7.775390625,-1.162109375,1.34765625,10.1328125,4.5078125,2.78125
1814563254000,-1.34765625,4.3515625,-6.412109375,1.51953125,-8.33984375,-14.05859375
1814565947000,-1.880859375,4.1015625,-6.248046875,0.8359375,-7.75,-15.2421875
1814570872000,-2.693359375,3.537109375,-5.943359375,-0.28125,-7.01953125,-16.5625
1814578365000,-3.529296875,2.701171875,-5.478515625,-1.71484375,-4.953125,-17.8515625
1814587332000,-4.126953125,1.55859375,-5.060546875,-2.80859375,-2.703125,-17.07421875
1814590865000,-4.46875,0.62109375,-4.8125,-2.92578125,-2.5625,-16.94140625
1814593449000,-4.642578125,0.12890625,-4.6953125,-3.2421875,-1.53125,-16.5703125
1814595783000,-4.814453125,-0.36328125,-4.59375,-3.28125,-0.65234375,-16.203125
1814598770000,-4.9765625,-0.86328125,-4.486328125,-3.328125,-0.58984375,-16.1640625
1814600978000,-5.154296875,-1.31640625,-4.388671875,-3.3671875,0.0859375,-15.51953125
1814648317000,-6.1484375,-3.779296875,-0.689453125,-3.7265625,-9.828125,1.98828125
1814653133000,-6.00390625,-4.091796875,0.388671875,-3.6640625,-9.9296875,1.96484375
1814655840000,-5.896484375,-4.2421875,0.931640625,-3.578125,-10.84765625,3.1015625
1814658249000,-5.8046875,-4.37890625,1.494140625,-3.68359375,-11.453125,4.24609375
1814660601000,-5.66015625,-4.470703125,2.056640625,-3.62890625,-11.53125,4.21484375
1814663179000,-5.474609375,-4.560546875,2.607421875,-3.94140625,-11.59765625,5.27734375
1814665672000,-5.251953125,-4.611328125,3.1484375,-4.26953125,-11.26953125,6.2421875
1814668145000,-5.00390625,-4.681640625,3.6875,-4.19921875,-11.38671875,6.1875
1814673076000,-4.46875,-4.765625,4.6953125,-3.97265625,-10.1796875,8.46484375
1814723231000,2.009765625,-3.521484375,6.33203125,5.01953125,-4.109375,14.68359375
1814725480000,2.357421875,-3.39453125,6.12109375,5.79296875,-1.95703125,14.59765625
1814727992000,2.68359375,-3.26953125,5.892578125,5.80078125,-2.09765625,14.51953125
1814730341000,2.978515625,-3.140625,5.642578125,6.25,-1.34765625,14.31640625
1814734950000,3.232421875,-3.0,5.345703125,6.87109375,-0.87109375,13.95703125
1814742841000,3.845703125,-2.296875,4.31640625,7.9921875,-0.4921875,13.203125
1814750436000,4.5546875,-1.18359375,2.69921875,9.60546875,-0.65234375,11.69140625
1814753020000,4.75390625,-0.8828125,2.283203125,10.6796875,-0.6171875,10.84375
1814757834000,5.234375,-0.26953125,1.4296875,10.671875,-0.6875,10.84375
1814760568000,5.494140625,0.0546875,1.0,11.640625,-0.55859375,9.734375
1814762834000,5.7890625,0.37109375,0.56640625,12.58984375,-0.39453125,8.43359375
1814765679000,6.0703125,0.6796875,0.171875,13.47265625,-0.0625,7.01953125
1814767931000,6.341796875,0.99609375,-0.240234375,13.81640625,0.234375,5.5859375
1814897664000,-4.13671875,-2.666015625,-4.009765625,-3.98828125,-1.546875,-5.7890625
1814906607000,-3.71484375,-3.2109375,-3.203125,-2.96484375,-3.62890625,-3.16796875
1814910092000,-3.51171875,-3.58203125,-2.537109375,-2.94921875,-3.58984375,-3.23828125
1814912644000,-3.416015625,-3.751953125,-2.169921875,-2.55078125,-4.6484375,-1.734375
1814915049000,-3.296875,-3.8984375,-1.783203125,-2.41796875,-5.6328125,-0.31640625
1814917611000,-3.1796875,-4.03125,-1.361328125,-2.39453125,-5.625,-0.37109375
1814920188000,-3.041015625,-4.181640625,-0.916015625,-2.48828125,-6.55078125,0.921875
1814922731000,-2.896484375,-4.3125,-0.4765625,-2.859375,-7.25,2.265625
1814925348000,-2.7421875,-4.48046875,-0.01171875,-3.08984375,-7.6953125,3.69921875
1814987519000,1.029296875,-1.84765625,7.07421875,1.6328125,-2.63671875,13.3671875
1814992000000,1.2109375,-1.869140625,7.001953125,2.0390625,-2.02734375,13.2421875
1814994940000,1.5859375,-1.908203125,6.7421875,2.0703125,-2.34765625,13.1484375
1814997340000,1.7734375,-1.916015625,6.54296875,2.5078125,-1.81640625,12.8828125
1814999796000,1.94921875,-1.9296875,6.330078125,3.1953125,-1.453125,12.6796875
1815002613000,2.115234375,-1.9921875,6.087890625,3.203125,-1.6015625,12.625
1815004901000,2.287109375,-2.068359375,5.81640625,4.16796875,-1.27734375,12.703125
1815007462000,2.427734375,-2.162109375,5.51953125,5.3359375,-0.98046875,12.65625
1815014957000,2.900390625,-2.19921875,4.44140625,6.6171875,-1.09765625,12.19140625
1815019801000,3.255859375,-1.81640625,3.59375,9.109375,-0.65625,10.2109375
1815062223000,3.611328125,3.462890625,-2.69921875,5.7734375,-2.5703125,-4.58203125
1815064891000,3.32421875,3.751953125,-3.017578125,5.7578125,-2.4921875,-4.48828125
1815069662000,2.59765625,4.318359375,-3.7734375,3.44921875,-3.109375,-7.1015625
1815073858000,2.185546875,4.482421875,-4.177734375,-0.7109375,-4.59765625,-11.59765625
1815081663000,0.380859375,4.775390625,-4.9921875,-0.88671875,-5.13671875,-13.0234375
1815089529000,-1.734375,4.775390625,-4.990234375,-1.2265625,-7.08984375,-14.4921875
1815092125000,-3.017578125,4.15234375,-4.763671875,-2.91015625,-7.7265625,-14.72265625
1815097014000,-4.2421875,3.166015625,-4.693359375,-2.98046875,-7.5625,-14.55078125
1815099756000,-4.75,2.806640625,-4.607421875,-2.6875,-7.7109375,-14.578125
1815102144000,-5.177734375,2.564453125,-4.48046875,-1.203125,-7.7421875,-14.7109375
1815105095000,-5.498046875,2.376953125,-4.279296875,-0.69921875,-7.57421875,-14.57421875
1815144750000,-4.119140625,-2.3515625,-2.923828125,-3.5859375,2.19921875,-10.16796875
1815146963000,-3.865234375,-2.595703125,-2.7734375,-3.8671875,3.11328125,-9.640625
1815152009000,-3.59765625,-2.86328125,-2.654296875,-4.0703125,3.72265625,-8.953125
1815154523000,-3.072265625,-3.38671875,-2.38671875,-4.25390625,4.31640625,-7.31640625
1815159541000,-2.541015625,-3.83984375,-2.12109375,-4.0703125,4.3203125,-6.3671875
1815169541000,-1.498046875,-4.724609375,-0.951171875,-2.515625,4.1484375,-2.609375
1815174519000,-0.97265625,-5.1015625,0.158203125,-2.453125,4.1484375,-2.8203125
1815176958000,-0.689453125,-5.171875,0.62890625,-2.05078125,3.453125,-1.2265625
1815179460000,-0.36328125,-5.154296875,0.962890625,-2.078125,2.57421875,0.31640625
1815181841000,-0.02734375,-5.052734375,1.11328125,-2.046875,2.55078125,0.20703125
1815236799000,3.552734375,-2.1796875,1.45703125,-0.546875,0.20703125,9.625
1815239295000,3.607421875,-1.919921875,1.48046875,-0.91015625,0.23046875,10.671875
1815241817000,3.646484375,-1.64453125,1.5078125,-0.8359375,0.21875,11.96484375
1815244669000,3.71484375,-1.357421875,1.537109375,-0.609375,0.140625,13.14453125
1815252020000,3.9765625,-0.515625,1.72265625,-0.1796875,0.50390625,14.91015625
1815259244000,4.35546875,0.35546875,1.958984375,-0.35546875,0.4765625,15.65234375
1815266936000,4.6328125,0.955078125,2.11328125,1.375,1.5390625,17.06640625
1815271942000,4.732421875,1.25390625,2.16796875,2.30078125,1.859375,17.296875
1815274158000,4.744140625,1.3515625,2.18359375,3.2421875,2.2265625,17.109375
1815276723000,4.7421875,1.427734375,2.169921875,3.25,2.171875,17.1328125
1815279108000,4.74609375,1.4765625,2.13671875,3.25,2.125,17.1640625
1815281786000,4.7421875,1.533203125,2.099609375,3.99609375,2.5390625,16.79296875
1815284313000,4.7265625,1.58203125,2.056640625,4.24609375,2.98046875,16.2578125
1815286584000,4.705078125,1.654296875,1.990234375,4.1875,3.4296875,15.8984375
1815292001000,4.681640625,1.826171875,1.82421875,3.640625,3.69140625,15.49609375
1815299110000,4.7734375,1.87890625,1.4765625,2.97265625,3.859375,15.19921875
1815324041000,4.681640625,1.87109375,0.404296875,7.734375,0.55859375,11.70703125
1815326702000,4.6640625,1.947265625,0.3125,8.21484375,-0.12890625,10.94921875
1815334075000,4.611328125,2.328125,0.0859375,8.5546875,-0.546875,10.32421875
1815341720000,4.5078125,2.884765625,-0.142578125,8.7421875,-0.91015625,8.484375
1815349242000,4.337890625,3.330078125,-0.392578125,7.640625,-0.37890625,4.2109375
1815354111000,4.140625,3.490234375,-0.578125,7.609375,-0.33203125,4.3671875
1815356671000,3.984375,3.52734375,-0.65625,7.23828125,-0.29296875,2.86328125
1815359075000,3.791015625,3.556640625,-0.728515625,7.09765625,-0.27734375,1.41796875
1815362065000,3.568359375,3.572265625,-0.767578125,7.08203125,-0.23046875,1.51953125
1815364278000,3.30078125,3.564453125,-0.810546875,6.9140625,-1.34765625,-1.13671875
1815408815000,1.416015625,2.87890625,-0.927734375,5.93359375,-5.3671875,-23.30078125
1815411443000,1.01953125,2.5,-0.96484375,5.99609375,-5.33203125,-24.5703125
1815416555000,0.3359375,2.09375,-1.033203125,5.94921875,-5.26953125,-24.4609375
1815419220000,-0.076171875,1.87890625,-1.087890625,6.11328125,-5.00390625,-25.5546875
1815421542000,-0.5234375,1.673828125,-1.1640625,6.18359375,-4.62890625,-26.4921875
1815423989000,-1.0,1.46875,-1.26171875,6.04296875,-4.1328125,-27.16015625
1815426278000,-1.470703125,1.26953125,-1.365234375,6.0078125,-3.4765625,-27.6953125
1815431570000,-2.36328125,0.91796875,-1.66796875,5.9765625,-3.4453125,-27.6328125
1815433782000,-2.712890625,0.689453125,-1.86328125,5.0234375,-3.70703125,-28.078125
1815436348000,-3.046875,0.458984375,-2.08203125,4.68359375,-3.86328125,-28.00390625
1815503818000,-3.673828125,-5.29296875,-2.126953125,3.6640625,-4.86328125,-5.296875
1815506239000,-3.640625,-5.3203125,-1.984375,3.6796875,-4.84765625,-5.390625
1815508780000,-3.62109375,-5.337890625,-1.861328125,3.55859375,-5.53125,-4.28125
1815513636000,-3.56640625,-5.40625,-1.546875,3.60546875,-5.4921875,-4.484375
1815516438000,-3.55078125,-5.474609375,-1.37890625,3.54296875,-6.2421875,-3.73046875
1815518601000,-3.51171875,-5.537109375,-1.201171875,3.38671875,-6.92578125,-2.9140625
1815521221000,-3.49609375,-5.58984375,-1.03125,3.40234375,-6.91015625,-3.0234375
1815523641000,-3.515625,-5.666015625,-0.85546875,2.57421875,-7.875,-0.51953125
1815526090000,-3.568359375,-5.73828125,-0.6953125,2.58984375,-7.8671875,-0.64453125
1815528728000,-3.6171875,-5.8125,-0.53125,2.09765625,-8.19140625,0.5390625
1815586046000,-3.40625,-2.5625,0.111328125,3.0390625,-9.00390625,16.5703125
1815591006000,-2.939453125,-2.0,0.0546875,3.03125,-8.98828125,16.4921875
1815593406000,-2.65625,-1.787109375,0.015625,2.58203125,-9.484375,16.4609375
1815595844000,-2.34375,-1.619140625,0.009765625,2.10546875,-9.83984375,16.61328125
1815598443000,-2.021484375,-1.46484375,-0.017578125,2.09765625,-9.83203125,16.58203125
1815601064000,-1.654296875,-1.375,-0.07421875,1.33984375,-10.55078125,16.7734375
1815603465000,-1.296875,-1.271484375,-0.11328125,1.2578125,-10.0546875,16.93359375
1815605954000,-0.986328125,-1.1171875,-0.11328125,1.6796875,-9.7890625,17.08203125
1815610899000,-0.380859375,-0.7734375,-0.095703125,1.6796875,-9.78125,17.04296875
1815613733000,-0.09375,-0.59765625,-0.064453125,2.50390625,-5.34765625,17.30078125
1815670741000,5.185546875,2.681640625,-0.79296875,2.50390625,-5.34765625,17.32421875
1815673314000,5.388671875,2.8828125,-0.81640625,2.3125,-4.7109375,16.39453125
1815675833000,5.576171875,3.068359375,-0.869140625,2.3203125,-4.703125,16.44140625
1815678265000,5.76171875,3.22265625,-0.890625,2.1015625,-4.1484375,15.453125
1815680790000,5.92578125,3.408203125,-0.888671875,1.8828125,-3.64453125,14.15234375
1815683422000,6.0703125,3.576171875,-0.890625,1.890625,-3.62890625,14.20703125
1815685808000,6.234375,3.734375,-0.849609375,1.44140625,-3.23828125,12.57421875
1815688212000,6.365234375,3.87890625,-0.85546875,1.44140625,-3.23046875,12.63671875
1815690604000,6.515625,4.01953125,-0.83203125,0.6171875,-2.71875,10.8828125
1815693281000,6.666015625,4.15234375,-0.802734375,-0.16015625,-1.91796875,9.3828125
1815847891000,-2.158203125,-2.787109375,-0.814453125,8.56640625,2.484375,-9.12890625
1815850508000,-2.26953125,-2.61328125,-0.970703125,8.71484375,1.92578125,-8.4140625
1815852925000,-2.390625,-2.396484375,-1.1484375,8.38671875,1.0546875,-8.0859375
1815855375000,-2.51171875,-2.2421875,-1.341796875,8.40234375,1.0546875,-8.1484375
1815857824000,-2.634765625,-2.166015625,-1.5625,6.98046875,0.12109375,-7.7890625
1815860378000,-2.767578125,-2.126953125,-1.73828125,6.98828125,0.15234375,-7.84375
1815862846000,-2.888671875,-2.03125,-1.8359375,6.73046875,-0.6484375,-7.82421875
1815865384000,-2.97265625,-1.876953125,-1.9140625,7.0625,-2.09765625,-8.20703125
1815867790000,-3.068359375,-1.697265625,-1.94921875,7.0859375,-2.03515625,-8.29296875
1815870728000,-3.15234375,-1.5,-1.98046875,7.06640625,-3.82421875,-8.3046875
1815872818000,-3.234375,-1.279296875,-1.986328125,6.94140625,-5.44921875,-8.0
1815875488000,-3.3515625,-1.0625,-2.005859375,6.94140625,-5.41015625,-8.0234375
1815877870000,-3.50390625,-0.86328125,-2.044921875,6.51953125,-6.68359375,-7.73828125
1815880300000,-3.650390625,-0.703125,-2.083984375,5.80859375,-7.7734375,-7.57421875
1815883031000,-3.814453125,-0.552734375,-2.169921875,5.26171875,-8.91015625,-7.53515625
1815930212000,-5.892578125,-1.40625,-4.005859375,3.578125,-14.56640625,-1.56640625
1815933188000,-5.861328125,-1.541015625,-4.046875,3.28515625,-14.84375,-1.80078125
1815935230000,-5.787109375,-1.6640625,-4.08203125,2.30078125,-15.3828125,-1.8671875
1815937836000,-5.69140625,-1.755859375,-4.115234375,2.29296875,-15.3046875,-1.8828125
1815940188000,-5.6015625,-1.861328125,-4.12109375,1.14453125,-15.390625,-1.07421875
1815942689000,-5.509765625,-1.9765625,-4.119140625,0.20703125,-14.859375,-0.01171875
1815945186000,-5.40625,-2.126953125,-4.123046875,-0.70703125,-14.41015625,0.921875
1815952629000,-4.873046875,-2.484375,-3.98828125,-1.6015625,-14.09765625,2.01171875
1815957712000,-4.3828125,-2.603515625,-3.798828125,-1.4921875,-13.80859375,2.765625
1816015223000,-0.314453125,-1.017578125,1.34375,-2.27734375,-9.55859375,10.546875
1816024283000,-0.08203125,-0.86328125,1.787109375,-2.609375,-8.16796875,10.80078125
1816027493000,0.119140625,-0.783203125,2.064453125,-2.5859375,-8.26171875,10.76953125
1816030004000,0.193359375,-0.822265625,2.220703125,-2.6171875,-7.45703125,11.328125
1816032600000,0.255859375,-0.87890625,2.3828125,-2.52734375,-6.70703125,11.80078125
1816035115000,0.326171875,-0.94140625,2.560546875,-2.51171875,-6.76171875,11.77734375
1816037351000,0.37890625,-0.974609375,2.7265625,-2.2734375,-6.15625,12.1953125
1816040006000,0.453125,-0.99609375,2.880859375,-2.2421875,-5.59375,12.3359375
1816042516000,0.548828125,-1.0234375,2.998046875,-2.4453125,-5.17578125,12.28515625
1816044799000,0.654296875,-1.037109375,3.109375,-2.57421875,-4.7421875,12.30859375
1816047472000,0.765625,-1.041015625,3.203125,-2.55859375,-4.8203125,12.27734375
1816104746000,5.330078125,1.17578125,4.271484375,-1.5546875,5.01171875,10.40234375
1816109658000,5.5,1.267578125,4.2421875,-1.5546875,4.91015625,10.42578125
1816112366000,5.759765625,1.35546875,4.208984375,-1.1796875,7.03125,9.33203125
1816117490000,5.90625,1.32421875,4.087890625,-0.36328125,9.12109375,8.28515625
1816124809000,6.103515625,1.2421875,3.8515625,0.83984375,11.03515625,6.69921875
1816129156000,6.162109375,1.216796875,3.76953125,1.73828125,11.90625,6.015625
1816132360000,6.232421875,1.20703125,3.580078125,2.73046875,12.34765625,5.75
1816134707000,6.234375,1.154296875,3.484375,3.98828125,12.87109375,5.578125
1816137226000,6.20703125,1.076171875,3.40234375,3.97265625,12.79296875,5.6328125
1816139830000,6.16796875,0.9609375,3.3046875,3.96484375,12.71484375,5.6640625
1816189550000,6.1484375,0.30859375,-2.080078125,10.234375,5.1875,-5.0546875
1816192106000,5.939453125,0.470703125,-2.32421875,9.76171875,4.703125,-6.36328125
1816194569000,5.728515625,0.65234375,-2.52734375,9.5390625,3.8828125,-7.5
1816197141000,5.501953125,0.83984375,-2.68359375,9.546875,3.953125,-7.4609375
1816199779000,5.2265625,1.009765625,-2.80078125,9.6171875,2.61328125,-8.2734375
1816202482000,4.951171875,1.158203125,-2.86328125,9.671875,0.734375,-8.92578125
1816209553000,3.90234375,1.439453125,-2.9140625,9.0859375,-2.57421875,-10.3125
1816214508000,3.169921875,1.595703125,-2.88671875,8.546875,-3.31640625,-11.12890625
1816226344000,1.888671875,1.806640625,-2.91796875,6.64453125,-3.8046875,-15.83984375
1816351147000,-3.751953125,-2.82421875,-1.4609375,-3.3359375,-11.3984375,4.9609375
1816354185000,-3.845703125,-2.697265625,-1.13671875,-4.09765625,-11.0859375,5.66796875
1816358845000,-3.9140625,-2.68359375,-0.94140625,-5.12890625,-10.296875,7.2421875
1816369210000,-4.083984375,-2.767578125,-0.029296875,-5.49609375,-8.94921875,10.13671875
1816374106000,-4.1328125,-2.810546875,0.296875,-5.48828125,-8.95703125,10.06640625
1816376700000,-4.12890625,-2.82421875,0.4296875,-5.5,-8.421875,11.00390625
1816379231000,-4.11328125,-2.810546875,0.548828125,-5.40234375,-7.94140625,11.9296875
1816381616000,-4.07421875,-2.794921875,0.6640625,-5.328125,-7.64453125,12.89453125
1816384166000,-4.015625,-2.779296875,0.734375,-5.5078125,-7.88671875,13.95703125
1816386669000,-3.908203125,-2.775390625,0.80859375,-5.5078125,-7.90234375,13.91796875
1816389231000,-3.779296875,-2.744140625,0.8515625,-4.95703125,-7.5390625,15.2109375
1816391754000,-3.65234375,-2.66796875,0.927734375,-4.6953125,-7.49609375,16.38671875
1816394119000,-3.5078125,-2.595703125,0.998046875,-4.6953125,-7.51953125,16.36328125
1816396662000,-3.3359375,-2.513671875,1.080078125,-4.6875,-7.53515625,16.32421875
1816513821000,4.142578125,0.9140625,2.048828125,10.2109375,2.83203125,5.8203125
1816516379000,4.298828125,0.9140625,1.76953125,10.44140625,2.984375,4.5234375
1816518848000,4.416015625,0.912109375,1.50390625,10.8046875,2.94921875,3.0390625
1816521757000,4.515625,0.9453125,1.232421875,11.20703125,2.625,1.5
1816528954000,4.728515625,1.134765625,0.4375,11.82421875,1.71875,-1.3125
1816533894000,4.728515625,1.287109375,-0.037109375,12.1015625,1.296875,-2.22265625
1816545742000,4.30859375,1.697265625,-0.779296875,12.47265625,0.74609375,-5.37109375
1816548940000,4.0,2.060546875,-1.103515625,12.38671875,0.62109375,-6.81640625
1816551162000,3.853515625,2.263671875,-1.23828125,12.203125,0.5,-8.19921875
1816553774000,3.6875,2.462890625,-1.375,12.203125,0.5390625,-8.12890625
1816556393000,3.53515625,2.673828125,-1.52734375,12.2109375,0.578125,-8.05078125
1816558764000,3.333984375,2.853515625,-1.6484375,12.03125,0.46484375,-9.26171875
1816561296000,3.15234375,3.037109375,-1.802734375,11.703125,0.4609375,-10.4296875
1816563601000,2.9296875,3.18359375,-1.921875,11.24609375,0.6640625,-11.51171875
1816568769000,2.453125,3.416015625,-2.19921875,10.5625,1.1171875,-12.52734375
1816576365000,1.75,3.568359375,-2.640625,9.41796875,1.95703125,-19.46875
1816593775000,0.46484375,3.482421875,-3.810546875,9.71484375,1.31640625,-20.62890625
1816596220000,0.2578125,3.46875,-3.98046875,9.9375,0.60546875,-21.8359375
1816598849000,0.052734375,3.455078125,-4.115234375,9.921875,0.70703125,-21.75
1816601319000,-0.1171875,3.412109375,-4.283203125,9.79296875,0.0234375,-23.2421875
1816603696000,-0.287109375,3.3125,-4.41796875,9.4140625,-0.421875,-24.71484375
1816611060000,-0.755859375,2.806640625,-4.74609375,9.109375,-0.43359375,-25.55859375
1816618846000,-1.205078125,2.09765625,-4.900390625,8.73046875,-0.8125,-26.31640625
1816626197000,-1.595703125,0.82421875,-5.025390625,6.0546875,-1.66015625,-25.796875
1816631019000,-1.806640625,0.001953125,-5.07421875,6.03125,-1.45703125,-25.7734375
1816685769000,-2.8046875,-2.85546875,-3.0078125,-2.13671875,-10.7265625,-5.71484375
1816688622000,-2.853515625,-2.873046875,-2.771484375,-2.50390625,-11.53515625,-4.16015625
1816693522000,-2.884765625,-2.88671875,-2.48046875,-2.52734375,-11.44140625,-4.23828125
1816695880000,-2.875,-2.90234375,-2.357421875,-3.4375,-12.28125,-2.4609375
1816698573000,-2.828125,-2.97265625,-2.24609375,-4.984375,-12.7421875,-0.66015625
1816701101000,-2.787109375,-3.046875,-2.16796875,-5.90625,-12.76171875,0.90234375
1816703375000,-2.728515625,-3.123046875,-2.052734375,-6.44921875,-12.98046875,2.4140625
1816709258000,-2.572265625,-3.24609375,-1.76171875,-6.80859375,-13.234375,3.90234375
1816715948000,-2.306640625,-3.23828125,-1.203125,-7.25,-13.65234375,6.9453125
1816724851000,-2.109375,-3.123046875,-0.54296875,-7.99609375,-14.1796875,9.171875
1816763318000,-0.6953125,-1.9921875,2.650390625,-4.75,-13.20703125,19.046875
1816765845000,-0.60546875,-1.84375,2.89453125,-4.34375,-12.6953125,19.5234375
1816768135000,-0.484375,-1.669921875,3.115234375,-4.328125,-12.765625,19.484375
1816770746000,-0.365234375,-1.490234375,3.310546875,-4.3046875,-12.8359375,19.453125
1816773464000,-0.23828125,-1.3203125,3.515625,-4.03125,-12.18359375,19.82421875
1816775944000,-0.080078125,-1.169921875,3.70703125,-3.78125,-11.54296875,19.99609375
1816778367000,0.083984375,-0.986328125,3.900390625,-3.765625,-11.62890625,19.98046875
1816780782000,0.275390625,-0.796875,4.08203125,-3.3984375,-10.9140625,19.86328125
1816783239000,0.478515625,-0.626953125,4.24609375,-2.8984375,-10.15234375,19.63671875
1816785726000,0.681640625,-0.416015625,4.423828125,-2.34765625,-9.34375,19.2265625
1816790753000,1.171875,-0.017578125,4.744140625,-1.69921875,-8.50390625,18.6953125
1816849474000,4.333984375,-0.78515625,5.17578125,9.15234375,6.0234375,5.2578125
1816852957000,4.2734375,-0.78125,4.75,9.12109375,5.78125,5.2421875
1816855512000,4.24609375,-0.787109375,4.51171875,9.30859375,6.57421875,4.33984375
1816858111000,4.203125,-0.779296875,4.287109375,9.8671875,7.0,3.4296875
1816860875000,4.15625,-0.7578125,4.021484375,10.6015625,7.12890625,2.4375
1816863053000,4.142578125,-0.712890625,3.76953125,11.37109375,6.95703125,1.40234375
1816865670000,4.162109375,-0.654296875,3.50390625,11.35546875,6.87109375,1.40234375
1816867997000,4.185546875,-0.580078125,3.232421875,11.33984375,6.79296875,1.40234375
1816870536000,4.23046875,-0.47265625,2.953125,12.04296875,6.4296875,0.26171875
1816873228000,4.291015625,-0.353515625,2.662109375,12.62109375,6.0625,-0.74609375
1817007714000,-2.23046875,-3.1640625,-2.998046875,-5.09375,-5.4140625,-6.046875
1817012609000,-2.033203125,-3.380859375,-2.66796875,-5.55859375,-6.35546875,-4.3046875
1817020218000,-1.75390625,-3.591796875,-2.09765625,-6.43359375,-8.27734375,-0.6875
1817024653000,-1.66015625,-3.64453125,-1.875,-6.90234375,-9.08203125,1.02734375
1817027760000,-1.5078125,-3.724609375,-1.3984375,-7.3046875,-9.6796875,2.66796875
1817030216000,-1.421875,-3.751953125,-1.138671875,-7.5859375,-10.19921875,4.37109375
1817032693000,-1.380859375,-3.77734375,-0.83203125,-7.5703125,-10.18359375,4.29296875
1817035175000,-1.333984375,-3.810546875,-0.525390625,-7.62890625,-10.66796875,5.83203125
1817037792000,-1.310546875,-3.82421875,-0.19921875,-7.61328125,-10.66796875,5.74609375
1817040102000,-1.287109375,-3.83203125,0.126953125,-7.67578125,-11.0390625,7.52734375
1817100044000,-0.087890625,-1.73046875,4.81640625,1.171875,-5.5859375,16.796875
1817102584000,0.109375,-1.68359375,4.8828125,2.203125,-4.87109375,16.61328125
1817105001000,0.283203125,-1.64453125,4.939453125,3.359375,-4.1796875,16.34375
1817110123000,0.681640625,-1.638671875,5.029296875,4.5390625,-3.57421875,15.76953125
1817117534000,1.357421875,-1.615234375,5.064453125,6.52734375,-1.95703125,13.99609375
1817125140000,2.123046875,-1.4765625,4.900390625,8.046875,-0.37109375,12.07421875
1817129942000,2.349609375,-1.404296875,4.78515625,8.828125,0.42578125,11.23046875
1817132454000,2.732421875,-1.224609375,4.48828125,8.796875,0.20703125,11.18359375
1817134971000,2.8828125,-1.109375,4.32421875,9.44921875,1.02734375,10.41015625
1817137536000,2.998046875,-1.005859375,4.162109375,10.21875,1.9609375,9.44921875
1817139861000,3.078125,-0.828125,3.951171875,11.0546875,2.98046875,8.359375
1817142388000,3.111328125,-0.61328125,3.744140625,11.03125,2.88671875,8.359375
1817144792000,3.109375,-0.404296875,3.51171875,11.015625,2.80859375,8.359375
1817147359000,3.107421875,-0.1953125,3.275390625,11.0,4.7421875,6.83203125
1817152306000,2.98046875,0.16015625,2.744140625,10.86328125,5.453125,6.17578125
1817189746000,1.82421875,2.88671875,-1.35546875,12.5390625,5.9140625,-0.41796875
1817192334000,1.828125,3.01953125,-1.59375,12.421875,5.58203125,-1.47265625
1817195076000,1.828125,3.1875,-1.830078125,12.23828125,5.28515625,-2.65234375
1817197346000,1.830078125,3.365234375,-2.080078125,12.23828125,5.33203125,-2.56640625
1817199981000,1.826171875,3.517578125,-2.30859375,11.8359375,4.90234375,-3.90625
1817202172000,1.84765625,3.66015625,-2.548828125,11.39453125,4.375,-5.2109375
1817204814000,1.861328125,3.80078125,-2.810546875,10.90625,3.87890625,-6.47265625
1817207424000,1.84375,3.9296875,-3.033203125,10.921875,4.02734375,-6.27734375
1817210063000,1.830078125,4.05078125,-3.294921875,10.4453125,3.5390625,-7.48046875
1817212219000,1.8046875,4.169921875,-3.521484375,9.92578125,3.1875,-8.59375
1817262149000,-1.203125,3.232421875,-4.97265625,-0.84375,-2.6640625,-21.015625
1817264623000,-1.3125,2.88671875,-4.8828125,-2.1015625,-2.984375,-20.83203125
1817269662000,-1.5390625,2.033203125,-4.705078125,-3.32421875,-3.046875,-20.42578125
1817277140000,-1.859375,0.6953125,-4.431640625,-4.9609375,-3.125,-18.41015625
1817281722000,-1.962890625,0.23828125,-4.30859375,-5.03515625,-3.29296875,-17.03515625
1817284620000,-2.123046875,-0.642578125,-4.052734375,-4.734375,-3.48828125,-15.58984375
1817287493000,-2.169921875,-1.005859375,-3.876953125,-4.484375,-3.85546875,-14.06640625
1817289784000,-2.1640625,-1.296875,-3.705078125,-4.484375,-3.80078125,-14.08984375
1817292056000,-2.15234375,-1.54296875,-3.509765625,-4.33203125,-4.23828125,-12.59765625
1817297067000,-2.02734375,-1.919921875,-3.12109375,-4.32421875,-4.12890625,-12.65234375
1817300266000,-1.939453125,-2.076171875,-2.919921875,-4.69921875,-5.03125,-9.08203125
1817302191000,-1.86328125,-2.216796875,-2.75,-4.69140625,-4.9921875,-9.12109375
1817304545000,-1.7734375,-2.33203125,-2.58203125,-5.12109375,-5.546875,-7.23828125
1817307118000,-1.669921875,-2.462890625,-2.4140625,-5.11328125,-5.5078125,-7.28515625
1817309685000,-1.595703125,-2.5546875,-2.275390625,-5.63671875,-6.16015625,-5.55859375
1817451928000,1.931640625,-0.47265625,2.470703125,6.46484375,2.18359375,7.7265625
1817454210000,2.068359375,-0.4453125,2.361328125,7.08984375,2.43359375,7.28515625
1817457116000,2.21484375,-0.3828125,2.26953125,7.69140625,2.71484375,6.86328125
1817459210000,2.32421875,-0.3203125,2.15625,8.14453125,3.14453125,6.140625
1817464136000,2.541015625,-0.146484375,1.94140625,8.12890625,3.06640625,6.1484375
1817466762000,2.64453125,-0.033203125,1.8046875,8.328125,3.390625,5.4375
1817469358000,2.7421875,0.056640625,1.685546875,8.484375,3.58984375,4.79296875
1817471667000,2.828125,0.16796875,1.53515625,8.484375,3.55859375,4.80078125
1817474206000,2.87890625,0.271484375,1.39453125,8.62109375,3.70703125,4.21484375
1817476677000,2.931640625,0.390625,1.244140625,8.6875,3.85546875,3.8984375
1817536523000,1.228515625,2.740234375,-2.146484375,5.90234375,2.6484375,-8.08984375
1817538860000,1.060546875,2.85546875,-2.271484375,5.63671875,2.1484375,-9.3203125
1817541481000,0.8671875,2.994140625,-2.384765625,5.484375,1.359375,-10.59765625
1817546510000,0.66796875,3.123046875,-2.5,5.3359375,0.484375,-11.9375
1817549097000,0.232421875,3.33203125,-2.70703125,4.6015625,-1.0625,-14.5234375
1817553950000,-0.232421875,3.451171875,-2.876953125,4.21875,-1.80859375,-15.7734375
1817561420000,-0.90625,3.390625,-3.11328125,3.44140625,-2.3203125,-17.0234375
1817563965000,-1.109375,3.306640625,-3.1953125,2.60546875,-2.78515625,-18.1328125
1817566446000,-1.30078125,3.16796875,-3.267578125,1.65234375,-3.125,-18.84765625
1817569431000,-1.52734375,2.990234375,-3.330078125,1.62109375,-3.0546875,-18.76953125
1817616801000,-2.396484375,-2.373046875,-2.63671875,-2.9296875,-2.12109375,-6.671875
1817619016000,-2.275390625,-2.384765625,-2.56640625,-2.89453125,-2.4375,-5.13671875
1817621293000,-2.1484375,-2.384765625,-2.474609375,-3.01953125,-2.78125,-3.56640625
1817623892000,-2.013671875,-2.369140625,-2.369140625,-3.00390625,-2.7421875,-3.61328125
1817626241000,-1.8671875,-2.34375,-2.267578125,-3.11328125,-3.1484375,-2.15625
1817628845000,-1.724609375,-2.3125,-2.126953125,-3.09765625,-3.109375,-2.203125
1817631477000,-1.576171875,-2.28125,-1.962890625,-3.234375,-3.46484375,-0.84375
1817633682000,-1.419921875,-2.251953125,-1.779296875,-3.2265625,-3.43359375,-0.890625
1817636316000,-1.28515625,-2.22265625,-1.6015625,-3.41015625,-3.734375,0.3828125
1817639052000,-1.146484375,-2.19140625,-1.376953125,-3.60546875,-3.96484375,1.5625
1817706167000,0.26171875,-0.9140625,3.162109375,-1.73046875,-2.46875,12.828125
1817708640000,0.291015625,-0.92578125,3.2109375,-1.1953125,-1.8125,12.9609375
1817713544000,0.42578125,-0.99609375,3.2734375,-1.1875,-1.9609375,12.921875
1817716529000,0.498046875,-1.046875,3.31640625,-0.66015625,-1.05859375,12.87890625
1817718518000,0.611328125,-1.1015625,3.333984375,-0.18359375,-0.203125,12.6640625
1817721199000,0.708984375,-1.185546875,3.34375,0.3515625,0.734375,12.296875
1817723756000,0.8515625,-1.287109375,3.373046875,0.97265625,1.56640625,11.8828125
1817726066000,0.99609375,-1.400390625,3.369140625,0.97265625,1.49609375,11.8515625
1817728514000,1.138671875,-1.517578125,3.35546875,0.97265625,1.41796875,11.8203125
1817731187000,1.279296875,-1.62890625,3.33984375,1.65234375,2.15234375,11.45703125
1817733628000,1.42578125,-1.7578125,3.310546875,2.38671875,2.7421875,11.0625
1817736098000,1.580078125,-1.875,3.26953125,2.39453125,2.671875,11.015625
1817738441000,1.724609375,-1.984375,3.208984375,3.11328125,3.1484375,10.61328125
1817741236000,1.865234375,-2.068359375,3.142578125,3.82421875,3.57421875,10.19140625
1817743561000,2.00390625,-2.16796875,3.064453125,4.6171875,4.0625,9.7421875
1817748592000,2.24609375,-2.302734375,2.875,5.44140625,4.625,9.15234375
1817795970000,1.626953125,1.49609375,-1.16015625,8.58984375,1.921875,-2.0234375
1817798631000,1.546875,1.859375,-1.365234375,8.015625,1.328125,-4.0078125
1817803532000,1.46484375,2.494140625,-1.7109375,8.0078125,1.4140625,-3.90625
1817805968000,1.44921875,2.79296875,-1.896484375,7.1015625,0.5234375,-5.921875
1817808446000,1.40234375,3.056640625,-2.044921875,6.34375,-0.3203125,-7.640625
1817810915000,1.3515625,3.341796875,-2.212890625,6.3359375,-0.2734375,-7.5625
1817813321000,1.267578125,3.59375,-2.3828125,5.33203125,-0.9375,-8.90234375
1817815901000,1.173828125,3.8515625,-2.578125,3.88671875,-1.421875,-10.1328125
1817818695000,1.05859375,4.109375,-2.7734375,2.7890625,-1.70703125,-11.8125
1817822906000,0.9453125,4.388671875,-3.005859375,2.08203125,-2.2578125,-13.8828125
1817885514000,-2.919921875,-2.27734375,-3.353515625,-3.1015625,-1.62109375,-14.02734375
1817888147000,-2.95703125,-2.826171875,-2.943359375,-2.96484375,-1.75390625,-12.5625
1817895739000,-2.83984375,-3.353515625,-2.271484375,-2.56640625,-2.59765625,-8.98828125
1817903424000,-2.591796875,-3.60546875,-1.6171875,-2.015625,-3.53515625,-3.07421875
1817908292000,-2.353515625,-3.65625,-1.1796875,-1.96875,-3.51171875,-3.21484375
1817910715000,-2.248046875,-3.6484375,-0.970703125,-2.0234375,-3.828125,-1.41796875
1817913223000,-2.126953125,-3.630859375,-0.759765625,-2.1015625,-4.03125,0.2734375
1817915790000,-2.029296875,-3.583984375,-0.568359375,-2.0703125,-4.03125,0.203125
1817918165000,-1.919921875,-3.533203125,-0.373046875,-2.44140625,-4.01953125,3.38671875
1817920737000,-1.810546875,-3.453125,-0.197265625,-2.41796875,-4.01953125,3.30859375
1817982657000,-0.55859375,-1.4375,1.373046875,-0.62109375,-2.890625,9.20703125
1817982914000,-0.5703125,-1.333984375,1.40625,-0.09765625,-2.85546875,9.09765625
1817985569000,-0.591796875,-1.232421875,1.44140625,0.33984375,-2.76171875,8.9375
1817988041000,-0.615234375,-1.125,1.478515625,0.7890625,-2.58203125,8.80859375
1817990470000,-0.62890625,-1.013671875,1.513671875,0.796875,-2.62109375,8.78515625
1817993066000,-0.6484375,-0.919921875,1.546875,1.21484375,-2.421875,8.484375
1817995396000,-0.6640625,-0.830078125,1.603515625,1.21484375,-2.4609375,8.4609375
1817998109000,-0.69921875,-0.748046875,1.646484375,1.625,-2.23046875,8.140625
1818000418000,-0.689453125,-0.697265625,1.689453125,2.046875,-1.98046875,7.73046875
1818130624000,0.4453125,0.814453125,0.107421875,0.6953125,0.14453125,-3.0546875
1818132789000,0.431640625,0.748046875,0.1171875,0.53515625,0.30859375,-3.26953125
1818134985000,0.412109375,0.681640625,0.123046875,0.4296875,0.39453125,-3.42578125
1818137632000,0.400390625,0.611328125,0.14453125,0.4296875,0.39453125,-3.40234375
1818140156000,0.3828125,0.556640625,0.14453125,0.10546875,0.55078125,-3.60546875
1818142576000,0.37890625,0.48828125,0.15625,0.09765625,0.55859375,-3.58984375
1818145158000,0.359375,0.4296875,0.130859375,-0.046875,0.73046875,-3.57421875
1818147688000,0.34765625,0.3671875,0.15234375,-0.2109375,0.8828125,-3.4609375
1818150217000,0.333984375,0.306640625,0.134765625,-0.21875,0.8828125,-3.4453125
1818152648000,0.306640625,0.275390625,0.125,-0.37109375,0.98046875,-3.265625
1818157580000,0.283203125,0.203125,0.083984375,-0.37109375,0.98046875,-3.2578125
1818160167000,0.265625,0.171875,0.060546875,-0.5625,1.046875,-3.1328125
1818162530000,0.25,0.1484375,0.037109375,-0.76953125,1.078125,-2.9609375
1818165196000,0.236328125,0.1328125,0.00390625,-0.76953125,1.0859375,-2.9609375
1818167425000,0.23046875,0.1171875,-0.0234375,-1.01171875,1.14453125,-2.67578125
1818302245000,-0.271484375,-0.015625,0.072265625,0.6484375,0.02734375,-0.10546875
1818304864000,-0.2578125,0.005859375,0.0625,0.65625,0.01953125,-0.10546875
1818307438000,-0.259765625,0.013671875,0.0546875,0.71484375,0.07421875,-0.0703125
1818309775000,-0.26953125,0.03125,0.05078125,0.7734375,0.0859375,-0.0703125
1818312476000,-0.263671875,0.025390625,0.048828125,0.765625,0.0859375,-0.0703125
1818314669000,-0.267578125,0.033203125,0.03515625,0.8125,0.05859375,-0.0703125
1818317320000,-0.240234375,0.02734375,0.0234375,0.859375,0.05078125,-0.09765625
1818319760000,-0.240234375,0.037109375,0.025390625,0.83984375,0.04296875,-0.125
1818324774000,-0.212890625,0.041015625,0.025390625,0.83984375,0.03515625,-0.1171875
1818327481000,-0.189453125,0.03125,0.01953125,0.8046875,-0.03515625,-0.08984375
1818329658000,-0.173828125,0.037109375,0.021484375,0.74609375,-0.08984375,-0.08984375
1818332350000,-0.16015625,0.029296875,0.0234375,0.74609375,-0.08984375,-0.08984375
1818334682000,-0.15234375,0.0234375,0.0234375,0.66015625,-0.08203125,-0.0625
1818337173000,-0.13671875,0.03515625,0.005859375,0.5546875,-0.0703125,-0.0234375
1818339753000,-0.125,0.017578125,0.009765625,0.45703125,-0.00390625,0.0078125
1818466826000,0.1015625,0.1953125,0.021484375,-0.3125,-0.53515625,0.015625
1818469398000,0.10546875,0.201171875,0.03125,-0.3203125,-0.5,-0.0078125
1818472056000,0.08984375,0.201171875,0.048828125,-0.3203125,-0.5,-0.0078125
1818474370000,0.087890625,0.19140625,0.048828125,-0.3515625,-0.515625,0.0
1818477276000,0.064453125,0.212890625,0.0625,-0.28125,-0.515625,-0.046875
1818479343000,0.05859375,0.216796875,0.0859375,-0.1953125,-0.48828125,-0.10546875
1818484375000,0.029296875,0.216796875,0.103515625,-0.1953125,-0.49609375,-0.09765625
1818486800000,0.02734375,0.23046875,0.125,-0.12890625,-0.41015625,-0.12890625
1818489385000,0.013671875,0.228515625,0.142578125,-0.08984375,-0.34375,-0.16015625
1818492319000,-0.005859375,0.212890625,0.1484375,-0.08984375,-0.3515625,-0.15234375
1818494223000,-0.029296875,0.216796875,0.16015625,-0.08984375,-0.28515625,-0.15234375
1818496856000,-0.0234375,0.220703125,0.16796875,-0.14453125,-0.12109375,-0.1328125
1818499214000,-0.064453125,0.2265625,0.181640625,-0.203125,0.015625,-0.08984375
1818504421000,-0.08203125,0.22265625,0.19140625,-0.2109375,0.0,-0.08203125
1818566810000,0.037109375,0.025390625,-0.044921875,-0.04296875,0.453125,-0.62890625
1818569121000,0.046875,-0.001953125,-0.048828125,-0.04296875,0.453125,-0.62890625
1818571648000,0.048828125,-0.0078125,-0.052734375,0.00390625,0.32421875,-0.58203125
1818574063000,0.046875,-0.009765625,-0.06640625,-0.0703125,0.2890625,-0.53125
1818576660000,0.056640625,-0.015625,-0.080078125,-0.0625,0.19921875,-0.484375
1818579252000,0.046875,-0.033203125,-0.08203125,-0.0625,0.19921875,-0.484375
1818581605000,0.046875,-0.029296875,-0.072265625,-0.08984375,0.16015625,-0.359375
1818584154000,0.046875,-0.029296875,-0.0859375,-0.1875,0.140625,-0.30078125
1818586690000,0.029296875,-0.05078125,-0.07421875,-0.1875,0.140625,-0.30078125
1818589034000,0.03515625,-0.052734375,-0.09375,-0.2421875,0.10546875,-0.21484375
1818591596000,0.0234375,-0.064453125,-0.072265625,-0.25390625,0.11328125,-0.16015625
1818656524000,-0.080078125,0.044921875,0.021484375,0.0390625,0.19921875,0.1328125
1818659017000,-0.072265625,0.044921875,0.009765625,0.0625,0.19140625,0.140625
1818661417000,-0.08203125,0.048828125,0.001953125,0.109375,0.14453125,0.12109375
1818664076000,-0.060546875,0.05078125,-0.005859375,0.109375,0.14453125,0.12890625
1818666734000,-0.072265625,0.0625,-0.00390625,0.15625,0.08984375,0.109375
1818669090000,-0.060546875,0.056640625,-0.0234375,0.203125,0.05859375,0.08203125
1818671499000,-0.04296875,0.072265625,-0.009765625,0.22265625,-0.02734375,0.03515625
1818673984000,-0.04296875,0.078125,-0.013671875,0.22265625,-0.02734375,0.04296875
1818676573000,-0.03515625,0.072265625,-0.01171875,0.21484375,-0.02734375,0.05078125
1818678826000,-0.03125,0.0703125,-0.015625,0.18359375,-0.02734375,0.03125
1818728777000,0.01171875,0.078125,-0.005859375,0.1875,-0.0546875,0.2265625
1818731304000,0.0,0.08203125,-0.00390625,0.1484375,-0.015625,0.23828125
1818734110000,-0.0078125,0.080078125,-0.0078125,0.109375,0.01171875,0.265625
1818736317000,-0.00390625,0.083984375,-0.01171875,0.0625,0.0390625,0.24609375
1818738819000,0.01171875,0.083984375,-0.01171875,0.0625,0.0390625,0.25390625
1818741259000,-0.01171875,0.08203125,-0.00390625,0.08984375,0.03125,0.3046875
1818743739000,-0.005859375,0.083984375,-0.015625,0.08984375,0.03125,0.3125
1818746395000,-0.001953125,0.09375,-0.009765625,0.0625,0.01171875,0.28125
1818748699000,-0.013671875,0.091796875,-0.01171875,0.0625,0.01171875,0.28125
1818751271000,-0.005859375,0.107421875,-0.015625,0.1015625,-0.03515625,0.29296875
1818816183000,0.041015625,0.142578125,0.017578125,-0.1015625,0.03125,-0.39453125
1818818675000,0.048828125,0.150390625,0.005859375,-0.12109375,0.01953125,-0.38671875
1818823620000,0.056640625,0.142578125,0.01171875,-0.12109375,0.01953125,-0.37890625
1818826384000,0.07421875,0.14453125,-0.0234375,-0.140625,-0.02734375,-0.42578125
1818828650000,0.072265625,0.1484375,-0.015625,-0.21484375,-0.02734375,-0.33984375
1818831267000,0.048828125,0.14453125,-0.009765625,-0.265625,0.0,-0.29296875
1818833772000,0.037109375,0.13671875,-0.005859375,-0.265625,0.0,-0.28515625
1818836186000,0.046875,0.1328125,-0.021484375,-0.29296875,0.01171875,-0.27734375
1818838671000,0.037109375,0.138671875,-0.00390625,-0.33203125,0.06640625,-0.28515625
1818841011000,0.0234375,0.126953125,-0.01171875,-0.3984375,0.0859375,-0.27734375
1818903209000,0.03515625,0.0078125,-0.00390625,-0.01953125,0.14453125,-0.46875
1818905813000,0.05078125,-0.015625,-0.01953125,-0.03125,0.10546875,-0.48046875
1818908396000,0.06640625,-0.01171875,-0.017578125,-0.03125,0.10546875,-0.48046875
1818910893000,0.078125,-0.021484375,-0.013671875,-0.03125,0.10546875,-0.48046875
1818913417000,0.080078125,-0.021484375,-0.0234375,0.0,0.09765625,-0.5078125
1818916003000,0.087890625,-0.037109375,-0.0234375,0.0078125,0.09765625,-0.421875
1818918381000,0.076171875,-0.044921875,-0.025390625,0.0,0.09765625,-0.39453125
1818920958000,0.083984375,-0.05078125,-0.025390625,0.0,0.09765625,-0.40234375
