timestamp_ns,type,seq,exposure_us,iso,path
7142705425000,rgb,2993,1000,400,rgb/rgb_7142705425000_2993.png
7142738747000,rgb,2994,1000,400,rgb/rgb_7142738747000_2994.png
7142772069000,rgb,2995,1000,400,rgb/rgb_7142772069000_2995.png
7142805391000,rgb,2996,1000,400,rgb/rgb_7142805391000_2996.png
7142838713000,rgb,2997,1000,400,rgb/rgb_7142838713000_2997.png
7142872035000,rgb,2998,1000,400,rgb/rgb_7142872035000_2998.png
7142905357000,rgb,2999,1000,400,rgb/rgb_7142905357000_2999.png
7142938678000,rgb,3000,1000,400,rgb/rgb_7142938678000_3000.png
7142972000000,rgb,3001,1000,400,rgb/rgb_7142972000000_3001.png
7143005322000,rgb,3002,1000,400,rgb/rgb_7143005322000_3002.png
7143038644000,rgb,3003,1000,400,rgb/rgb_7143038644000_3003.png
7143071966000,rgb,3004,1000,400,rgb/rgb_7143071966000_3004.png
7143105288000,rgb,3005,1000,400,rgb/rgb_7143105288000_3005.png
7143138610000,rgb,3006,1000,400,rgb/rgb_7143138610000_3006.png
7143171931000,rgb,3007,1000,400,rgb/rgb_7143171931000_3007.png
7143205253000,rgb,3008,1000,400,rgb/rgb_7143205253000_3008.png
7143238576000,rgb,3009,1000,400,rgb/rgb_7143238576000_3009.png
7143271897000,rgb,3010,1000,400,rgb/rgb_7143271897000_3010.png
7143305219000,rgb,3011,1000,400,rgb/rgb_7143305219000_3011.png
7143338541000,rgb,3012,1000,400,rgb/rgb_7143338541000_3012.png
7143371863000,rgb,3013,1000,400,rgb/rgb_7143371863000_3013.png
7143405185000,rgb,3014,1000,400,rgb/rgb_7143405185000_3014.png
7143438507000,rgb,3015,1000,400,rgb/rgb_7143438507000_3015.png
7143471828000,rgb,3016,1000,400,rgb/rgb_7143471828000_3016.png
7143505150000,rgb,3017,1000,400,rgb/rgb_7143505150000_3017.png
7143538472000,rgb,3018,1000,400,rgb/rgb_7143538472000_3018.png
7143571795000,rgb,3019,1000,400,rgb/rgb_7143571795000_3019.png
7143605116000,rgb,3020,1000,400,rgb/rgb_7143605116000_3020.png
7143638438000,rgb,3021,1000,400,rgb/rgb_7143638438000_3021.png
7143671760000,rgb,3022,1000,400,rgb/rgb_7143671760000_3022.png
7143705082000,rgb,3023,1000,400,rgb/rgb_7143705082000_3023.png
7143738404000,rgb,3024,1000,400,rgb/rgb_7143738404000_3024.png
7143771725000,rgb,3025,1000,400,rgb/rgb_7143771725000_3025.png
7143805047000,rgb,3026,1000,400,rgb/rgb_7143805047000_3026.png
7143838369000,rgb,3027,1000,400,rgb/rgb_7143838369000_3027.png
7143871691000,rgb,3028,1000,400,rgb/rgb_7143871691000_3028.png
7143905013000,rgb,3029,1000,400,rgb/rgb_7143905013000_3029.png
7143938335000,rgb,3030,1000,400,rgb/rgb_7143938335000_3030.png
7143971657000,rgb,3031,1000,400,rgb/rgb_7143971657000_3031.png
7144004979000,rgb,3032,1000,400,rgb/rgb_7144004979000_3032.png
7144038301000,rgb,3033,1000,400,rgb/rgb_7144038301000_3033.png
7144071622000,rgb,3034,1000,400,rgb/rgb_7144071622000_3034.png
7144104944000,rgb,3035,1000,400,rgb/rgb_7144104944000_3035.png
7144138266000,rgb,3036,1000,400,rgb/rgb_7144138266000_3036.png
7144171588000,rgb,3037,1000,400,rgb/rgb_7144171588000_3037.png
7144204910000,rgb,3038,1000,400,rgb/rgb_7144204910000_3038.png
7144238232000,rgb,3039,1000,400,rgb/rgb_7144238232000_3039.png
7144271554000,rgb,3040,1000,400,rgb/rgb_7144271554000_3040.png
7144304876000,rgb,3041,1000,400,rgb/rgb_7144304876000_3041.png
7144338198000,rgb,3042,1000,400,rgb/rgb_7144338198000_3042.png
7144371519000,rgb,3043,1000,400,rgb/rgb_7144371519000_3043.png
7144404841000,rgb,3044,1000,400,rgb/rgb_7144404841000_3044.png
7144438163000,rgb,3045,1000,400,rgb/rgb_7144438163000_3045.png
7144471485000,rgb,3046,1000,400,rgb/rgb_7144471485000_3046.png
7144504807000,rgb,3047,1000,400,rgb/rgb_7144504807000_3047.png
7144538129000,rgb,3048,1000,400,rgb/rgb_7144538129000_3048.png
7144571451000,rgb,3049,1000,400,rgb/rgb_7144571451000_3049.png
7144604773000,rgb,3050,1000,400,rgb/rgb_7144604773000_3050.png
7144638095000,rgb,3051,1000,400,rgb/rgb_7144638095000_3051.png
7144671416000,rgb,3052,1000,400,rgb/rgb_7144671416000_3052.png
7144704738000,rgb,3053,1000,400,rgb/rgb_7144704738000_3053.png
7144738060000,rgb,3054,1000,400,rgb/rgb_7144738060000_3054.png
7144771382000,rgb,3055,1000,400,rgb/rgb_7144771382000_3055.png
7144804704000,rgb,3056,1000,400,rgb/rgb_7144804704000_3056.png
7144838026000,rgb,3057,1000,400,rgb/rgb_7144838026000_3057.png
7144871348000,rgb,3058,1000,400,rgb/rgb_7144871348000_3058.png
7144904670000,rgb,3059,1000,400,rgb/rgb_7144904670000_3059.png
7144937992000,rgb,3060,1000,400,rgb/rgb_7144937992000_3060.png
7144971314000,rgb,3061,1000,400,rgb/rgb_7144971314000_3061.png
7145004635000,rgb,3062,1000,400,rgb/rgb_7145004635000_3062.png
7145037957000,rgb,3063,1000,400,rgb/rgb_7145037957000_3063.png
7145071279000,rgb,3064,1000,400,rgb/rgb_7145071279000_3064.png
7145104601000,rgb,3065,1000,400,rgb/rgb_7145104601000_3065.png
7145137923000,rgb,3066,1000,400,rgb/rgb_7145137923000_3066.png
7145171245000,rgb,3067,1000,400,rgb/rgb_7145171245000_3067.png
7145204566000,rgb,3068,1000,400,rgb/rgb_7145204566000_3068.png
7145237889000,rgb,3069,1000,400,rgb/rgb_7145237889000_3069.png
7145271210000,rgb,3070,1000,400,rgb/rgb_7145271210000_3070.png
7145304532000,rgb,3071,1000,400,rgb/rgb_7145304532000_3071.png
7145337854000,rgb,3072,1000,400,rgb/rgb_7145337854000_3072.png
7145371176000,rgb,3073,1000,400,rgb/rgb_7145371176000_3073.png
7145404498000,rgb,3074,1000,400,rgb/rgb_7145404498000_3074.png
7145437820000,rgb,3075,1000,400,rgb/rgb_7145437820000_3075.png
7145471142000,rgb,3076,1000,400,rgb/rgb_7145471142000_3076.png
7145504463000,rgb,3077,1000,400,rgb/rgb_7145504463000_3077.png
7145537786000,rgb,3078,1000,400,rgb/rgb_7145537786000_3078.png
7145571108000,rgb,3079,1000,400,rgb/rgb_7145571108000_3079.png
7145604429000,rgb,3080,1000,400,rgb/rgb_7145604429000_3080.png
7145637751000,rgb,3081,1000,400,rgb/rgb_7145637751000_3081.png
7145671073000,rgb,3082,1000,400,rgb/rgb_7145671073000_3082.png
7145704395000,rgb,3083,1000,400,rgb/rgb_7145704395000_3083.png
7145737717000,rgb,3084,1000,400,rgb/rgb_7145737717000_3084.png
7145771039000,rgb,3085,1000,400,rgb/rgb_7145771039000_3085.png
7145804360000,rgb,3086,1000,400,rgb/rgb_7145804360000_3086.png
7145837682000,rgb,3087,1000,400,rgb/rgb_7145837682000_3087.png
7145871004000,rgb,3088,1000,400,rgb/rgb_7145871004000_3088.png
7145904327000,rgb,3089,1000,400,rgb/rgb_7145904327000_3089.png
7145937648000,rgb,3090,1000,400,rgb/rgb_7145937648000_3090.png
7145970970000,rgb,3091,1000,400,rgb/rgb_7145970970000_3091.png
7146004292000,rgb,3092,1000,400,rgb/rgb_7146004292000_3092.png
7146037614000,rgb,3093,1000,400,rgb/rgb_7146037614000_3093.png
7146070936000,rgb,3094,1000,400,rgb/rgb_7146070936000_3094.png
7146104258000,rgb,3095,1000,400,rgb/rgb_7146104258000_3095.png
7146137579000,rgb,3096,1000,400,rgb/rgb_7146137579000_3096.png
7146170901000,rgb,3097,1000,400,rgb/rgb_7146170901000_3097.png
7146204223000,rgb,3098,1000,400,rgb/rgb_7146204223000_3098.png
7146237580000,rgb,3099,1000,400,rgb/rgb_7146237580000_3099.png
7146270902000,rgb,3100,1000,400,rgb/rgb_7146270902000_3100.png
7146304224000,rgb,3101,1000,400,rgb/rgb_7146304224000_3101.png
7146337546000,rgb,3102,1000,400,rgb/rgb_7146337546000_3102.png
7146370867000,rgb,3103,1000,400,rgb/rgb_7146370867000_3103.png
7146404189000,rgb,3104,1000,400,rgb/rgb_7146404189000_3104.png
7146437511000,rgb,3105,1000,400,rgb/rgb_7146437511000_3105.png
7146470833000,rgb,3106,1000,400,rgb/rgb_7146470833000_3106.png
7146504155000,rgb,3107,1000,400,rgb/rgb_7146504155000_3107.png
7146537477000,rgb,3108,1000,400,rgb/rgb_7146537477000_3108.png
7146570799000,rgb,3109,1000,400,rgb/rgb_7146570799000_3109.png
7146604121000,rgb,3110,1000,400,rgb/rgb_7146604121000_3110.png
7146637442000,rgb,3111,1000,400,rgb/rgb_7146637442000_3111.png
7146670764000,rgb,3112,1000,400,rgb/rgb_7146670764000_3112.png
7146704086000,rgb,3113,1000,400,rgb/rgb_7146704086000_3113.png
7146737408000,rgb,3114,1000,400,rgb/rgb_7146737408000_3114.png
7146770730000,rgb,3115,1000,400,rgb/rgb_7146770730000_3115.png
7146804052000,rgb,3116,1000,400,rgb/rgb_7146804052000_3116.png
7146837374000,rgb,3117,1000,400,rgb/rgb_7146837374000_3117.png
7146870695000,rgb,3118,1000,400,rgb/rgb_7146870695000_3118.png
7146904018000,rgb,3119,1000,400,rgb/rgb_7146904018000_3119.png
7146937339000,rgb,3120,1000,400,rgb/rgb_7146937339000_3120.png
7146970661000,rgb,3121,1000,400,rgb/rgb_7146970661000_3121.png
7147003983000,rgb,3122,1000,400,rgb/rgb_7147003983000_3122.png
7147037305000,rgb,3123,1000,400,rgb/rgb_7147037305000_3123.png
7147070627000,rgb,3124,1000,400,rgb/rgb_7147070627000_3124.png
7147103949000,rgb,3125,1000,400,rgb/rgb_7147103949000_3125.png
7147137271000,rgb,3126,1000,400,rgb/rgb_7147137271000_3126.png
7147170593000,rgb,3127,1000,400,rgb/rgb_7147170593000_3127.png
7147203915000,rgb,3128,1000,400,rgb/rgb_7147203915000_3128.png
7147237237000,rgb,3129,1000,400,rgb/rgb_7147237237000_3129.png
7147270559000,rgb,3130,1000,400,rgb/rgb_7147270559000_3130.png
7147303880000,rgb,3131,1000,400,rgb/rgb_7147303880000_3131.png
7147337202000,rgb,3132,1000,400,rgb/rgb_7147337202000_3132.png
7147370524000,rgb,3133,1000,400,rgb/rgb_7147370524000_3133.png
7147403846000,rgb,3134,1000,400,rgb/rgb_7147403846000_3134.png
7147437168000,rgb,3135,1000,400,rgb/rgb_7147437168000_3135.png
7147470489000,rgb,3136,1000,400,rgb/rgb_7147470489000_3136.png
7147503811000,rgb,3137,1000,400,rgb/rgb_7147503811000_3137.png
7147537133000,rgb,3138,1000,400,rgb/rgb_7147537133000_3138.png
7147570456000,rgb,3139,1000,400,rgb/rgb_7147570456000_3139.png
7147603777000,rgb,3140,1000,400,rgb/rgb_7147603777000_3140.png
7147637099000,rgb,3141,1000,400,rgb/rgb_7147637099000_3141.png
7147670421000,rgb,3142,1000,400,rgb/rgb_7147670421000_3142.png
7147703743000,rgb,3143,1000,400,rgb/rgb_7147703743000_3143.png
7147737065000,rgb,3144,1000,400,rgb/rgb_7147737065000_3144.png
7147770387000,rgb,3145,1000,400,rgb/rgb_7147770387000_3145.png
7147803708000,rgb,3146,1000,400,rgb/rgb_7147803708000_3146.png
7147837030000,rgb,3147,1000,400,rgb/rgb_7147837030000_3147.png
7147870352000,rgb,3148,1000,400,rgb/rgb_7147870352000_3148.png
7147903674000,rgb,3149,1000,400,rgb/rgb_7147903674000_3149.png
7147936996000,rgb,3150,1000,400,rgb/rgb_7147936996000_3150.png
7147970318000,rgb,3151,1000,400,rgb/rgb_7147970318000_3151.png
7148003640000,rgb,3152,1000,400,rgb/rgb_7148003640000_3152.png
7148036962000,rgb,3153,1000,400,rgb/rgb_7148036962000_3153.png
7148070283000,rgb,3154,1000,400,rgb/rgb_7148070283000_3154.png
7148103605000,rgb,3155,1000,400,rgb/rgb_7148103605000_3155.png
7148136927000,rgb,3156,1000,400,rgb/rgb_7148136927000_3156.png
7148170249000,rgb,3157,1000,400,rgb/rgb_7148170249000_3157.png
7148203571000,rgb,3158,1000,400,rgb/rgb_7148203571000_3158.png
7148236893000,rgb,3159,1000,400,rgb/rgb_7148236893000_3159.png
7148270215000,rgb,3160,1000,400,rgb/rgb_7148270215000_3160.png
7148303537000,rgb,3161,1000,400,rgb/rgb_7148303537000_3161.png
7148336859000,rgb,3162,1000,400,rgb/rgb_7148336859000_3162.png
7148370181000,rgb,3163,1000,400,rgb/rgb_7148370181000_3163.png
7148403502000,rgb,3164,1000,400,rgb/rgb_7148403502000_3164.png
7148436824000,rgb,3165,1000,400,rgb/rgb_7148436824000_3165.png
7148470146000,rgb,3166,1000,400,rgb/rgb_7148470146000_3166.png
7148503468000,rgb,3167,1000,400,rgb/rgb_7148503468000_3167.png
7148536790000,rgb,3168,1000,400,rgb/rgb_7148536790000_3168.png
7148570112000,rgb,3169,1000,400,rgb/rgb_7148570112000_3169.png
7148603434000,rgb,3170,1000,400,rgb/rgb_7148603434000_3170.png
7148636756000,rgb,3171,1000,400,rgb/rgb_7148636756000_3171.png
7148670078000,rgb,3172,1000,400,rgb/rgb_7148670078000_3172.png
7148703399000,rgb,3173,1000,400,rgb/rgb_7148703399000_3173.png
7148736721000,rgb,3174,1000,400,rgb/rgb_7148736721000_3174.png
7148770043000,rgb,3175,1000,400,rgb/rgb_7148770043000_3175.png
7148803365000,rgb,3176,1000,400,rgb/rgb_7148803365000_3176.png
7148836687000,rgb,3177,1000,400,rgb/rgb_7148836687000_3177.png
7148870009000,rgb,3178,1000,400,rgb/rgb_7148870009000_3178.png
7148903331000,rgb,3179,1000,400,rgb/rgb_7148903331000_3179.png
7148936652000,rgb,3180,1000,400,rgb/rgb_7148936652000_3180.png
7148969975000,rgb,3181,1000,400,rgb/rgb_7148969975000_3181.png
7149003297000,rgb,3182,1000,400,rgb/rgb_7149003297000_3182.png
7149036619000,rgb,3183,1000,400,rgb/rgb_7149036619000_3183.png
7149069940000,rgb,3184,1000,400,rgb/rgb_7149069940000_3184.png
7149103262000,rgb,3185,1000,400,rgb/rgb_7149103262000_3185.png
7149136584000,rgb,3186,1000,400,rgb/rgb_7149136584000_3186.png
7149169906000,rgb,3187,1000,400,rgb/rgb_7149169906000_3187.png
7149203228000,rgb,3188,1000,400,rgb/rgb_7149203228000_3188.png
7149236550000,rgb,3189,1000,400,rgb/rgb_7149236550000_3189.png
7149269871000,rgb,3190,1000,400,rgb/rgb_7149269871000_3190.png
7149303194000,rgb,3191,1000,400,rgb/rgb_7149303194000_3191.png
7149336515000,rgb,3192,1000,400,rgb/rgb_7149336515000_3192.png
7149369837000,rgb,3193,1000,400,rgb/rgb_7149369837000_3193.png
7149403159000,rgb,3194,1000,400,rgb/rgb_7149403159000_3194.png
7149436481000,rgb,3195,1000,400,rgb/rgb_7149436481000_3195.png
7149469803000,rgb,3196,1000,400,rgb/rgb_7149469803000_3196.png
7149503125000,rgb,3197,1000,400,rgb/rgb_7149503125000_3197.png
7149536446000,rgb,3198,1000,400,rgb/rgb_7149536446000_3198.png
7149569769000,rgb,3199,1000,400,rgb/rgb_7149569769000_3199.png
7149603090000,rgb,3200,1000,400,rgb/rgb_7149603090000_3200.png
7149636412000,rgb,3201,1000,400,rgb/rgb_7149636412000_3201.png
7149669734000,rgb,3202,1000,400,rgb/rgb_7149669734000_3202.png
7149703056000,rgb,3203,1000,400,rgb/rgb_7149703056000_3203.png
7149736378000,rgb,3204,1000,400,rgb/rgb_7149736378000_3204.png
7149769700000,rgb,3205,1000,400,rgb/rgb_7149769700000_3205.png
7149803021000,rgb,3206,1000,400,rgb/rgb_7149803021000_3206.png
7149836343000,rgb,3207,1000,400,rgb/rgb_7149836343000_3207.png
7149869665000,rgb,3208,1000,400,rgb/rgb_7149869665000_3208.png
7149902988000,rgb,3209,1000,400,rgb/rgb_7149902988000_3209.png
7149936310000,rgb,3210,1000,400,rgb/rgb_7149936310000_3210.png
7149969631000,rgb,3211,1000,400,rgb/rgb_7149969631000_3211.png
7150002953000,rgb,3212,1000,400,rgb/rgb_7150002953000_3212.png
7150036275000,rgb,3213,1000,400,rgb/rgb_7150036275000_3213.png
7150069597000,rgb,3214,1000,400,rgb/rgb_7150069597000_3214.png
7150102919000,rgb,3215,1000,400,rgb/rgb_7150102919000_3215.png
7150136240000,rgb,3216,1000,400,rgb/rgb_7150136240000_3216.png
7150169562000,rgb,3217,1000,400,rgb/rgb_7150169562000_3217.png
7150202884000,rgb,3218,1000,400,rgb/rgb_7150202884000_3218.png
7150236206000,rgb,3219,1000,400,rgb/rgb_7150236206000_3219.png
7150269528000,rgb,3220,1000,400,rgb/rgb_7150269528000_3220.png
7150302850000,rgb,3221,1000,400,rgb/rgb_7150302850000_3221.png
7150336172000,rgb,3222,1000,400,rgb/rgb_7150336172000_3222.png
7150369494000,rgb,3223,1000,400,rgb/rgb_7150369494000_3223.png
7150402816000,rgb,3224,1000,400,rgb/rgb_7150402816000_3224.png
7150436137000,rgb,3225,1000,400,rgb/rgb_7150436137000_3225.png
7150469459000,rgb,3226,1000,400,rgb/rgb_7150469459000_3226.png
7150502781000,rgb,3227,1000,400,rgb/rgb_7150502781000_3227.png
7150536103000,rgb,3228,1000,400,rgb/rgb_7150536103000_3228.png
7150569425000,rgb,3229,1000,400,rgb/rgb_7150569425000_3229.png
7150602747000,rgb,3230,1000,400,rgb/rgb_7150602747000_3230.png
7150636069000,rgb,3231,1000,400,rgb/rgb_7150636069000_3231.png
7150669391000,rgb,3232,1000,400,rgb/rgb_7150669391000_3232.png
7150702713000,rgb,3233,1000,400,rgb/rgb_7150702713000_3233.png
7150736034000,rgb,3234,1000,400,rgb/rgb_7150736034000_3234.png
7150769356000,rgb,3235,1000,400,rgb/rgb_7150769356000_3235.png
7150802678000,rgb,3236,1000,400,rgb/rgb_7150802678000_3236.png
7150836000000,rgb,3237,1000,400,rgb/rgb_7150836000000_3237.png
7235907226000,rgb,5790,1000,400,rgb/rgb_7235907226000_5790.png
7235940548000,rgb,5791,1000,400,rgb/rgb_7235940548000_5791.png
7235973870000,rgb,5792,1000,400,rgb/rgb_7235973870000_5792.png
7236007191000,rgb,5793,1000,400,rgb/rgb_7236007191000_5793.png
7236040513000,rgb,5794,1000,400,rgb/rgb_7236040513000_5794.png
7236073835000,rgb,5795,1000,400,rgb/rgb_7236073835000_5795.png
7236107157000,rgb,5796,1000,400,rgb/rgb_7236107157000_5796.png
7236140479000,rgb,5797,1000,400,rgb/rgb_7236140479000_5797.png
7236173801000,rgb,5798,1000,400,rgb/rgb_7236173801000_5798.png
7236207123000,rgb,5799,1000,400,rgb/rgb_7236207123000_5799.png
7236240445000,rgb,5800,1000,400,rgb/rgb_7236240445000_5800.png
7236273766000,rgb,5801,1000,400,rgb/rgb_7236273766000_5801.png
7236307088000,rgb,5802,1000,400,rgb/rgb_7236307088000_5802.png
7236340410000,rgb,5803,1000,400,rgb/rgb_7236340410000_5803.png
7236373732000,rgb,5804,1000,400,rgb/rgb_7236373732000_5804.png
7236407054000,rgb,5805,1000,400,rgb/rgb_7236407054000_5805.png
7236440376000,rgb,5806,1000,400,rgb/rgb_7236440376000_5806.png
7236473698000,rgb,5807,1000,400,rgb/rgb_7236473698000_5807.png
7236507020000,rgb,5808,1000,400,rgb/rgb_7236507020000_5808.png
7236540342000,rgb,5809,1000,400,rgb/rgb_7236540342000_5809.png
7236573663000,rgb,5810,1000,400,rgb/rgb_7236573663000_5810.png
7236606985000,rgb,5811,1000,400,rgb/rgb_7236606985000_5811.png
7236640307000,rgb,5812,1000,400,rgb/rgb_7236640307000_5812.png
7236673629000,rgb,5813,1000,400,rgb/rgb_7236673629000_5813.png
7236706951000,rgb,5814,1000,400,rgb/rgb_7236706951000_5814.png
7236740273000,rgb,5815,1000,400,rgb/rgb_7236740273000_5815.png
7236773595000,rgb,5816,1000,400,rgb/rgb_7236773595000_5816.png
7236806917000,rgb,5817,1000,400,rgb/rgb_7236806917000_5817.png
7236840238000,rgb,5818,1000,400,rgb/rgb_7236840238000_5818.png
7236873561000,rgb,5819,1000,400,rgb/rgb_7236873561000_5819.png
7236906882000,rgb,5820,1000,400,rgb/rgb_7236906882000_5820.png
7236940204000,rgb,5821,1000,400,rgb/rgb_7236940204000_5821.png
7236973526000,rgb,5822,1000,400,rgb/rgb_7236973526000_5822.png
7237006848000,rgb,5823,1000,400,rgb/rgb_7237006848000_5823.png
7237040170000,rgb,5824,1000,400,rgb/rgb_7237040170000_5824.png
7237073492000,rgb,5825,1000,400,rgb/rgb_7237073492000_5825.png
7237106813000,rgb,5826,1000,400,rgb/rgb_7237106813000_5826.png
7237140135000,rgb,5827,1000,400,rgb/rgb_7237140135000_5827.png
7237173457000,rgb,5828,1000,400,rgb/rgb_7237173457000_5828.png
7237206780000,rgb,5829,1000,400,rgb/rgb_7237206780000_5829.png
7237240101000,rgb,5830,1000,400,rgb/rgb_7237240101000_5830.png
7237273423000,rgb,5831,1000,400,rgb/rgb_7237273423000_5831.png
7237306745000,rgb,5832,1000,400,rgb/rgb_7237306745000_5832.png
7237340067000,rgb,5833,1000,400,rgb/rgb_7237340067000_5833.png
7237373389000,rgb,5834,1000,400,rgb/rgb_7237373389000_5834.png
7237406711000,rgb,5835,1000,400,rgb/rgb_7237406711000_5835.png
7237440032000,rgb,5836,1000,400,rgb/rgb_7237440032000_5836.png
7237473354000,rgb,5837,1000,400,rgb/rgb_7237473354000_5837.png
7237506676000,rgb,5838,1000,400,rgb/rgb_7237506676000_5838.png
7237539999000,rgb,5839,1000,400,rgb/rgb_7237539999000_5839.png
7237573320000,rgb,5840,1000,400,rgb/rgb_7237573320000_5840.png
7237606642000,rgb,5841,1000,400,rgb/rgb_7237606642000_5841.png
7319712221000,rgb,8305,501,1450,rgb/rgb_7319712221000_8305.png
7319745543000,rgb,8306,501,1450,rgb/rgb_7319745543000_8306.png
7319778864000,rgb,8307,501,1450,rgb/rgb_7319778864000_8307.png
7319812186000,rgb,8308,501,1450,rgb/rgb_7319812186000_8308.png
7319845509000,rgb,8309,501,1450,rgb/rgb_7319845509000_8309.png
7319878830000,rgb,8310,501,1450,rgb/rgb_7319878830000_8310.png
7319912152000,rgb,8311,501,1450,rgb/rgb_7319912152000_8311.png
7319945474000,rgb,8312,501,1450,rgb/rgb_7319945474000_8312.png
7319978796000,rgb,8313,501,1450,rgb/rgb_7319978796000_8313.png
7320012118000,rgb,8314,501,1450,rgb/rgb_7320012118000_8314.png
7320045440000,rgb,8315,501,1450,rgb/rgb_7320045440000_8315.png
7320078761000,rgb,8316,501,1450,rgb/rgb_7320078761000_8316.png
7320112084000,rgb,8317,501,1450,rgb/rgb_7320112084000_8317.png
7320145405000,rgb,8318,501,1450,rgb/rgb_7320145405000_8318.png
7320178728000,rgb,8319,501,1450,rgb/rgb_7320178728000_8319.png
7320212049000,rgb,8320,501,1450,rgb/rgb_7320212049000_8320.png
7320245371000,rgb,8321,501,1450,rgb/rgb_7320245371000_8321.png
7320278693000,rgb,8322,501,1450,rgb/rgb_7320278693000_8322.png
7320312015000,rgb,8323,501,1450,rgb/rgb_7320312015000_8323.png
7320345336000,rgb,8324,501,1450,rgb/rgb_7320345336000_8324.png
7320378658000,rgb,8325,501,1450,rgb/rgb_7320378658000_8325.png
7320411980000,rgb,8326,501,1450,rgb/rgb_7320411980000_8326.png
7320445302000,rgb,8327,501,1450,rgb/rgb_7320445302000_8327.png
7320478624000,rgb,8328,501,1450,rgb/rgb_7320478624000_8328.png
7320511946000,rgb,8329,501,1450,rgb/rgb_7320511946000_8329.png
7320545268000,rgb,8330,501,1450,rgb/rgb_7320545268000_8330.png
7320578590000,rgb,8331,501,1450,rgb/rgb_7320578590000_8331.png
7320611912000,rgb,8332,501,1450,rgb/rgb_7320611912000_8332.png
7320645234000,rgb,8333,501,1450,rgb/rgb_7320645234000_8333.png
7320678555000,rgb,8334,501,1450,rgb/rgb_7320678555000_8334.png
7320711877000,rgb,8335,501,1450,rgb/rgb_7320711877000_8335.png
7320745199000,rgb,8336,501,1450,rgb/rgb_7320745199000_8336.png
7320778521000,rgb,8337,501,1450,rgb/rgb_7320778521000_8337.png
7320811843000,rgb,8338,501,1450,rgb/rgb_7320811843000_8338.png
7320845165000,rgb,8339,501,1450,rgb/rgb_7320845165000_8339.png
7320878487000,rgb,8340,501,1450,rgb/rgb_7320878487000_8340.png
7320911809000,rgb,8341,501,1450,rgb/rgb_7320911809000_8341.png
7320945131000,rgb,8342,501,1450,rgb/rgb_7320945131000_8342.png
7320978452000,rgb,8343,501,1450,rgb/rgb_7320978452000_8343.png
7321011774000,rgb,8344,501,1450,rgb/rgb_7321011774000_8344.png
7321045096000,rgb,8345,501,1450,rgb/rgb_7321045096000_8345.png
7321078418000,rgb,8346,501,1450,rgb/rgb_7321078418000_8346.png
7321111741000,rgb,8347,501,1450,rgb/rgb_7321111741000_8347.png
7321145062000,rgb,8348,501,1450,rgb/rgb_7321145062000_8348.png
7321178384000,rgb,8349,501,1450,rgb/rgb_7321178384000_8349.png
7321211706000,rgb,8350,501,1450,rgb/rgb_7321211706000_8350.png
7321245028000,rgb,8351,501,1450,rgb/rgb_7321245028000_8351.png
7321278349000,rgb,8352,501,1450,rgb/rgb_7321278349000_8352.png
7321311671000,rgb,8353,501,1450,rgb/rgb_7321311671000_8353.png
7321344993000,rgb,8354,501,1450,rgb/rgb_7321344993000_8354.png
7321378315000,rgb,8355,501,1450,rgb/rgb_7321378315000_8355.png
7321411637000,rgb,8356,501,1450,rgb/rgb_7321411637000_8356.png
7321444959000,rgb,8357,501,1450,rgb/rgb_7321444959000_8357.png
7321478281000,rgb,8358,501,1450,rgb/rgb_7321478281000_8358.png
7321511603000,rgb,8359,501,1450,rgb/rgb_7321511603000_8359.png
7321544924000,rgb,8360,501,1450,rgb/rgb_7321544924000_8360.png
7321578247000,rgb,8361,501,1450,rgb/rgb_7321578247000_8361.png
7321611569000,rgb,8362,501,1450,rgb/rgb_7321611569000_8362.png
7321644890000,rgb,8363,501,1450,rgb/rgb_7321644890000_8363.png
7321678212000,rgb,8364,501,1450,rgb/rgb_7321678212000_8364.png
7321711534000,rgb,8365,501,1450,rgb/rgb_7321711534000_8365.png
7321744856000,rgb,8366,501,1450,rgb/rgb_7321744856000_8366.png
7321778178000,rgb,8367,501,1450,rgb/rgb_7321778178000_8367.png
7321811499000,rgb,8368,501,1450,rgb/rgb_7321811499000_8368.png
7321844822000,rgb,8369,501,1450,rgb/rgb_7321844822000_8369.png
7321878143000,rgb,8370,501,1450,rgb/rgb_7321878143000_8370.png
7321911465000,rgb,8371,501,1450,rgb/rgb_7321911465000_8371.png
7321944787000,rgb,8372,501,1450,rgb/rgb_7321944787000_8372.png
7321978109000,rgb,8373,501,1450,rgb/rgb_7321978109000_8373.png
7322011431000,rgb,8374,501,1450,rgb/rgb_7322011431000_8374.png
7322044753000,rgb,8375,501,1450,rgb/rgb_7322044753000_8375.png
7322078075000,rgb,8376,501,1450,rgb/rgb_7322078075000_8376.png
7322111397000,rgb,8377,501,1450,rgb/rgb_7322111397000_8377.png
7322144719000,rgb,8378,501,1450,rgb/rgb_7322144719000_8378.png
7322178041000,rgb,8379,501,1450,rgb/rgb_7322178041000_8379.png
7322211362000,rgb,8380,501,1450,rgb/rgb_7322211362000_8380.png
7322244684000,rgb,8381,501,1450,rgb/rgb_7322244684000_8381.png
7322278006000,rgb,8382,501,1450,rgb/rgb_7322278006000_8382.png
7322311328000,rgb,8383,501,1450,rgb/rgb_7322311328000_8383.png
7322344650000,rgb,8384,501,1450,rgb/rgb_7322344650000_8384.png
7322377972000,rgb,8385,501,1450,rgb/rgb_7322377972000_8385.png
7322411293000,rgb,8386,501,1450,rgb/rgb_7322411293000_8386.png
7322444615000,rgb,8387,501,1450,rgb/rgb_7322444615000_8387.png
7322477937000,rgb,8388,501,1450,rgb/rgb_7322477937000_8388.png
7322511260000,rgb,8389,501,1450,rgb/rgb_7322511260000_8389.png
7322544581000,rgb,8390,501,1450,rgb/rgb_7322544581000_8390.png
7322577903000,rgb,8391,501,1450,rgb/rgb_7322577903000_8391.png
7322611225000,rgb,8392,501,1450,rgb/rgb_7322611225000_8392.png
7322644547000,rgb,8393,501,1450,rgb/rgb_7322644547000_8393.png
7322677868000,rgb,8394,501,1450,rgb/rgb_7322677868000_8394.png
7322711190000,rgb,8395,501,1450,rgb/rgb_7322711190000_8395.png
7322744512000,rgb,8396,501,1450,rgb/rgb_7322744512000_8396.png
7322777834000,rgb,8397,501,1450,rgb/rgb_7322777834000_8397.png
7322811156000,rgb,8398,501,1450,rgb/rgb_7322811156000_8398.png
7322844479000,rgb,8399,501,1450,rgb/rgb_7322844479000_8399.png
7322877800000,rgb,8400,501,1450,rgb/rgb_7322877800000_8400.png
7322911122000,rgb,8401,501,1450,rgb/rgb_7322911122000_8401.png
7322944444000,rgb,8402,501,1450,rgb/rgb_7322944444000_8402.png
7322977766000,rgb,8403,501,1450,rgb/rgb_7322977766000_8403.png
7323011087000,rgb,8404,501,1450,rgb/rgb_7323011087000_8404.png
7323044409000,rgb,8405,501,1450,rgb/rgb_7323044409000_8405.png
7323077731000,rgb,8406,501,1450,rgb/rgb_7323077731000_8406.png
7323111053000,rgb,8407,501,1450,rgb/rgb_7323111053000_8407.png
7323144375000,rgb,8408,501,1450,rgb/rgb_7323144375000_8408.png
7323177697000,rgb,8409,501,1450,rgb/rgb_7323177697000_8409.png
7323211019000,rgb,8410,501,1450,rgb/rgb_7323211019000_8410.png
7323244341000,rgb,8411,501,1450,rgb/rgb_7323244341000_8411.png
7323277663000,rgb,8412,501,1450,rgb/rgb_7323277663000_8412.png
7323310985000,rgb,8413,501,1450,rgb/rgb_7323310985000_8413.png
7323344306000,rgb,8414,501,1450,rgb/rgb_7323344306000_8414.png
7323377628000,rgb,8415,501,1450,rgb/rgb_7323377628000_8415.png
7323410950000,rgb,8416,501,1450,rgb/rgb_7323410950000_8416.png
7323444272000,rgb,8417,501,1450,rgb/rgb_7323444272000_8417.png
7323477594000,rgb,8418,501,1450,rgb/rgb_7323477594000_8418.png
7323510916000,rgb,8419,501,1450,rgb/rgb_7323510916000_8419.png
7323544238000,rgb,8420,501,1450,rgb/rgb_7323544238000_8420.png
7323577560000,rgb,8421,501,1450,rgb/rgb_7323577560000_8421.png
7323610882000,rgb,8422,501,1450,rgb/rgb_7323610882000_8422.png
7323644203000,rgb,8423,501,1450,rgb/rgb_7323644203000_8423.png
7323677525000,rgb,8424,501,1450,rgb/rgb_7323677525000_8424.png
7323710847000,rgb,8425,501,1450,rgb/rgb_7323710847000_8425.png
7323744169000,rgb,8426,501,1450,rgb/rgb_7323744169000_8426.png
7323777491000,rgb,8427,501,1450,rgb/rgb_7323777491000_8427.png
7323810813000,rgb,8428,501,1450,rgb/rgb_7323810813000_8428.png
7323844135000,rgb,8429,501,1450,rgb/rgb_7323844135000_8429.png
7323877457000,rgb,8430,501,1450,rgb/rgb_7323877457000_8430.png
7323910779000,rgb,8431,501,1450,rgb/rgb_7323910779000_8431.png
7323944100000,rgb,8432,501,1450,rgb/rgb_7323944100000_8432.png
7323977422000,rgb,8433,501,1450,rgb/rgb_7323977422000_8433.png
7324010744000,rgb,8434,501,1450,rgb/rgb_7324010744000_8434.png
7324044066000,rgb,8435,501,1450,rgb/rgb_7324044066000_8435.png
7324077388000,rgb,8436,501,1450,rgb/rgb_7324077388000_8436.png
7324110710000,rgb,8437,501,1450,rgb/rgb_7324110710000_8437.png
7324144031000,rgb,8438,501,1450,rgb/rgb_7324144031000_8438.png
7324177354000,rgb,8439,501,1450,rgb/rgb_7324177354000_8439.png
7324210676000,rgb,8440,501,1450,rgb/rgb_7324210676000_8440.png
7324243997000,rgb,8441,501,1450,rgb/rgb_7324243997000_8441.png
7324277319000,rgb,8442,501,1450,rgb/rgb_7324277319000_8442.png
7324310641000,rgb,8443,501,1450,rgb/rgb_7324310641000_8443.png
7324343963000,rgb,8444,501,1450,rgb/rgb_7324343963000_8444.png
7324377285000,rgb,8445,501,1450,rgb/rgb_7324377285000_8445.png
7324410607000,rgb,8446,501,1450,rgb/rgb_7324410607000_8446.png
7324443929000,rgb,8447,501,1450,rgb/rgb_7324443929000_8447.png
